url,language,speaker_id,domain,gender,location,duration,age
https://www.youtube.com/watch?v=si0mPBoULVY,Maithili,Null,Agriculture,Male,Sarlahi,8 Min 17 sec,45
https://www.youtube.com/watch?v=8ELCo4sfOTc,Maithili,Null,Health,Male,Sarlahi,4 Min 39 Sec,35
https://www.youtube.com/watch?v=wrX3ZOCXMGA,Maithili,Null,General,Male,Kathmandu,1 Min 2 Sec,35
https://www.youtube.com/watch?v=6Y8UisvrFxI,Maithili,Null,Agriculture,Male,Sarlahi,7 Min 52 Sec,35
https://www.youtube.com/watch?v=wQPKtcU1IUE,Maithili,Null,General,Male,Sarlahi,17 Min 49 Sec,35
https://www.youtube.com/watch?v=uThP5Kl2BQs,Maithili,Null,Agriculture,Male,Bihar,1 Min 56 Sec,45
https://www.youtube.com/watch?v=qpGM0lwKCbQ,Maithili,Null,Agriculture,Male,Bihar,1 Min 48 sec,Null
https://www.youtube.com/watch?v=N78PZ6mT_gE,Maithili,Null,Agriculture,Male,Bihar,3 Min 40 sec,Null
https://www.youtube.com/watch?v=3fvoKAy6WSk,Maithili,Null,Agriculture,Null,Null,56 Sec,Null
https://www.youtube.com/watch?v=f2Y9XIVeP58,Maithili,Null,Agriculture,Null,Null,1 Min 50 Sec,Null
https://www.youtube.com/watch?v=jF93EbaAfCI,Maithili,Null,Agriculture,Null,Null,1 Min 39 sec,Null
https://www.youtube.com/watch?v=6Je-3McMVNo,Maithili,Null,Agriculture,Null,Null,2 Min 39 Sec,Null
https://www.youtube.com/watch?v=P3MDQNUhe2g,Maithili,Null,Agriculture,Null,Null,2 Min 48 sec,Null
https://www.youtube.com/watch?v=EyiamQee_yk,Maithili,Null,Agriculture,Null,Null,2 Min 14 Sec,Null
https://www.youtube.com/watch?v=nLUf27W_5M8,Maithili,Null,Agriculture,Null,Null,4 Min 8 Sec,Null
https://www.youtube.com/watch?v=sdvQnxCnQyI,Maithili,Null,General,Female/Male,Janakpur,45 Min 56 Sec,40
https://youtu.be/xRGoCCKC_WQ?si=EGpJ8oRbIy3TAJAd,Maithili,Null,General,Female/Male,Janakpur,35 Min 35 Sec,35
https://youtu.be/7nRSGWoRGv8?si=AYRDKq-yVpb4pwR4,Maithili,Null,Health,Male,Janakpur,23 min 37 Sec,45
https://youtu.be/aILIXUgfn9I?si=BJ9YiH17dhlf1WKa,Maithili,Null,General,Female,Janakpur,19 Min 24 Sec,30
https://youtu.be/4pVvUz0GbpQ?si=xdSmHfxtmFc_C2Bd,Maithili,Null,General,Female/Male,Dhanusha,34 Min 48 sec,35
https://youtu.be/FR9kqCTGv2Q?si=eAaBOBs_aCeHh5-U,Maithili,Null,Education,Female/Male,Janakpur,39 Min 16 Sec,35
https://youtu.be/7WjZvhnK-RI?si=UbX3djWBIgBFgE80,Maithili,Null,General,Female/Male,Madhesh ,36 Min 36 Sec,35
https://youtu.be/k6XJdcpyNRU?si=Nx52o08UT43Sk5QW,Maithili,Null,General,female/Male,Dhanusha,29 Min 10 Sec,35
https://www.youtube.com/watch?v=BkQzoCA_CeY,Maithili,Null,General,Female/Male,Janakpur,49 Min 50 sec,35
https://youtu.be/SzBR8GS8RTY?si=EcmuJmOIuOWbw_Ta,Maithili,Null,Health,Female/Male,Janakpur,37Min 10 Sec,35
https://youtu.be/AmE6hiGdcaI?si=Ww_7tADR1J_o1Uj-,Maithili,Null,Health,Female/Male,Madhesh ,50 Min 4 sec,35
https://youtu.be/hSF4qEr2ros?si=qd7pVEu_eX4re6OI,Maithili,Null,General,Female/Male,Madhesh ,35 Min 25 Sec,35
https://youtu.be/FbCAtejkKu8?si=NDQ513xbq_kqElkc,Maithili,Null,General,Female/Male,Janakpur,42 Min 53 Sec,35
https://youtu.be/X6aAIQuavto?si=R--LTjaMxMenfGHq,Maithili,Null,General,Female/Male,Janakpur,27 Min 41 Sec,35
https://youtu.be/dikGrpP1vcc?si=PfF_DPelU5x6p1hZ,Maithili,Null,General,Female/Male,Janakpur,40 Min 1 sec,35
https://youtu.be/_PdJywx1muQ?si=BNLN51eOJDv8ee_K,Maithili,Null,General,Female/Male,Dhanusha,40 Min 45 Sec,35
https://youtu.be/z2NmjlkGVF4?si=0MYlg7hukXhMz7lv,Maithili,Null,General,Female/Male,Dhanusha,31 Min 28 sec,35
https://youtu.be/JQC-Q2ebD0E?si=Lcn5Bo0FFf7HaR6Y,Maithili,Null,General,Female/Male,Mahottari,45 Min 50 Sec,35
https://youtu.be/01kWFTve61s?si=GYT4aA6cDtQhm_tl,Maithili,Null,General,Female/Male,Janakpur,50 Min 50 Sec,35
https://youtu.be/8yN0UfxtvMk?si=9U5yEkhw2xyVchBl,Maithili,Null,Agriculture,Female/Male,Madhesh ,37 Min 24 Sec,35
https://youtu.be/KJvcXWhk1D4?si=TamujyAc00wUMePF,Maithili,Null,General,female/Male,Dhanusha,39 Min 39 sec,35
https://youtu.be/d-Sco2gl9Wg?si=rErt0Vpwkr4UA_yv,Maithili,Null,General,Female/Male,Dhanusha,33 Min 42 Sec,35
https://youtu.be/lQuj7CAjrro?si=K9uiChy-0a3d4BiT,Maithili,Null,General,Female/Male,Dhanusha,33 min 33 Sec,35
https://youtu.be/cDawz1rfOIE?si=mITd6Ya7dCEVAI6C,Maithili,Null,General,Female/Male,Madhesh ,47 Min 26 sec,35
https://youtu.be/xkrPtfzf96Y?si=GoNdKgIlfm1TRwhs,Maithili,Null,Health,Male,Janakpur,27 Min 19 Sec,45
https://youtu.be/56lqJctR_ZY?si=e4uEpSAQgkm0IeDn,Maithili,Null,Health,Male,Janakpur,17 Min 43 Sec,45
https://youtu.be/yQNw1KUTwEo?si=ze1wSUrDYYQguRAJ,Maithili,Null,Health,Male,Janakpur,21 Min 33 sec,45
https://youtu.be/iBv3lFrsYeQ?si=07LwlJ_jUc2phgVy,Maithili,Null,Health,Male,Janakpur,18 Min 53 Sec,45
https://youtu.be/PNyXNvQlNUA?si=i-Pr8LfZGLklFT72,Maithili,Null,Health,Male,Janakpur,16 Min 39 sec,45
https://youtu.be/jgVBPwf84Cs?si=_gCvYPLL-FaBj4qu,Maithili,Null,Health,Male,Janakpur,20 Min 54 sec,45
https://youtu.be/66ZnLDkOZKo?si=PuUxan1BV64tjw_Q,Maithili,Null,Health,Female/Male,Janakpur,30 Min 26 sec,35
https://youtu.be/_lefqPYF_eM?si=t6z0Drd_24c6a2E8,Maithili,Null,Health,Male,Janakpur,12 Min 24 Sec,45
https://youtu.be/LZ69xHaWyWs?si=1gyT_yg3WepO_SAP,Maithili,Null,Health,Male,Janakpur,14 Min 36 Sec,45
https://youtu.be/i2OqNLWDJ8g?si=n7c6iYnq_P-AFLjb,Maithili,Null,Health,Female/Male,Janakpur,19 Min 4 sec,35
https://youtu.be/Bv3G1SBkb2g?si=LmEgqpD6Y8E94tHC,Maithili,Null,Health,Female/Male,Janakpur,36 Min 36 Min,35
https://youtu.be/UYWNYGsiiy0?si=JjSDOYImOppMvr_r,Maithili,Null,Health,Male,Janakpur,18 Min 4 Sec,45
https://youtu.be/q3nplQi1YkM?si=9xws7fl3H-2tKQN_,Maithili,Null,Health,Female/Male,Janakpur,38 min 4 sec,35
https://youtu.be/93m8kpP3P1o?si=uIJCj6FWlTUpjWk3,Maithili,Null,Health,Female/Male,Janakpur,25 Min 21 Sec,35
https://youtu.be/TaGVNjopxnc?si=2mL3fQV5mg_QfK-Z,Maithili,Null,Life Story,Female,Janakpur,27 Min 20 Sec,35
https://youtu.be/xDVx02xdLJs?si=WYKUnK63ohwpYoui,Maithili,Null,General,Female/Male,Mukhiyapatti-Musharniya-VDC,46 Min 3 sec,35
https://youtu.be/ZJYnDjNDJxA?si=l8U46-um3qSV3rIv,Maithili,Null,General,Female/Male,Janakpur,44 Min 30 sec,35
https://youtu.be/BGBBLlWCdfk?si=fzCblGZVvx8uVwfO,Maithili,Null,Health,Male/Female,Janakpur,15 Min 36 Sec,40
https://youtu.be/_ZS1Z2VHdW8?si=wg_YDGsxV8fhGmDl,Maithili,Null,General,Female/Male,Madhesh ,28 Min 29 Sec,35
https://youtu.be/-EH0RATF8s8?si=8etQXvm4C5R7agP5,Maithili,Null,Health,Male,Janakpur,21 Min 12 Sec,40
https://youtu.be/ALhgaAU3SOA?si=O3Tmm8PD3mL0qzwW,Maithili,Null,General,Female/Male,Janakpur,34 Min 16 Sec,35
https://youtu.be/GBTirNRqAGQ?si=V2zpQduo0AfFAc6T,Maithili,Null,General,Female/Male,Janakpur,39 Min 54 Sec,35
https://youtu.be/9MeOCKTPbN8?si=OhBDLh8pFwzW_ju_,Maithili,Null,Health,Female/Male,Janakpur,40 Min 1 sec,35
https://youtu.be/67QUjAeE_u4?si=Zap-83acmDyp9arM,Maithili,Null,General,Female/Male,Jaleshwor,29 Min 42 Sec,35
https://youtu.be/BqhsOxUWqqQ?si=oxfUEU78J3Ue9SM1,Maithili,Null,General,Female/Male,Janakpur,20 Min 53 Sec,35
https://youtu.be/-ksooy2cVfU?si=MluVWHoUGveWsb3S,Maithili,Null,General,Female/Male,Janakpur,25 Min 4 Sec,35
https://youtu.be/NsodI8BKd_s?si=sc1e5hGML4kPqSnp,Maithili,Null,General,Female/Male,Janakpur,34 Min 29 Sec,35
https://youtu.be/_YJXrEHtvrk?si=8hWj3B0o1Wbu4EeS,Maithili,Null,General,Female/Male,Janakpur,50 Min 1 Sec,35
https://youtu.be/3cmDNXGVuZY?si=nLkXX1dbTI6zBRZS,Maithili,Null,General,Female/Male,Janakpur,24 Min 44 Sec,35
https://youtu.be/1hFS4fk38A0?si=sbEX-TmB1SbTMi-j,Maithili,Null,Education,Female/Male,Janakpur,40 Min 24 Sec,35
https://youtu.be/KVg-_rBxCD0?si=2twy3w1z80VD8Coq,Maithili,Null,General,Female,Madhesh ,25 Min 25 Sec,35
https://youtu.be/SX64M3jGmow?si=Qll50k5CfVfRNl8-,Maithili,Null,General,Female/Male,Janakpur,32 Min 9 sec,35
https://youtu.be/5Kvn9ZyJniU?si=nzENbpn4rYxB34h7,Maithili,Null,General,Female/Male,Madhesh ,28 Min 27 sec,35
https://youtu.be/Hhzs63WHCD4?si=CCuaX5GRAeLCp0W6,Maithili,Null,Health,Female/Male,Janakpur,36 Min 11 Sec,35
https://youtu.be/Nm70sKo2WKA?si=ws3bgKQovJ13mfSe,Maithili,Null,General,Female/Male,Janakpur,34 Min 37 Sec,35
https://youtu.be/Eptvd3T9Xiw?si=dLFj8LPzmi0TPv8l,Maithili,Null,Education,Female/Male,Dhanusha,46 Min 42 Sec,35
https://youtu.be/XajcBZpigxI?si=u89R-m_Kkz7GbJVQ,Maithili,Null,Health,Female/Male,Madhesh ,31 Min 20 Sec,35
https://youtu.be/YfO6htFWvHI?si=b0M2PMR1GZaAZBhj,Maithili,Null,Health,Female/Male,Janakpur,37 Min 54 Sec,35
https://youtu.be/95k13KI_PSo?si=LoI9osSvHvLiuEc7,Maithili,Null,General,Female/Male,Janakpur,27 Min 41 Sec,35
https://youtu.be/X6aam1mWV88?si=NoQa1kot-ViluaqA,Maithili,Null,General,Female/Male,Janakpur,57 Min 43 Sec,35
https://youtu.be/RKKXkZ3wfEk?si=yxS2s_69cucC7lM9,Maithili,Null,Health,Female/Male,Janakpur,24 Min 4 sec,35
https://www.youtube.com/watch?v=v3L5ndtoJ2M,Maithili,Null,General,Female/Male,Janakpur,25 Min 50 sec,35
https://youtu.be/6Io5wTBnlJk?si=LWwOWZJzt-jYQcey,Maithili,Null,General,Female/Male,Janakpur,12 Min 22 sec,35
https://youtu.be/2VXGFl8oKQY?si=E4UeSOHswOG2yGa6,Maithili,Null,General,Female,Janakpur,14 Min 21 Sec,30
https://youtu.be/_D_HXmoS9O4?si=rdtUhL_AVqiocNlH,Maithili,Null,General,Female,Janakpur,9 Min 51 Sec,30
https://youtu.be/W-O_C8EMyEo?si=URFgcrwvDRISe41Y,Maithili,Null,General,Female,Janakpur,13 Min,30
https://youtu.be/N9DqEf16x3g?si=tyEyrSgL6qMx-_XF,Maithili,Null,General,Female,Janakpur,15 Min 53 Sec,30
https://youtu.be/6WkWvONMaMU?si=VDW9BQr-a7gh0fpy,Maithili,Null,General,Female,Janakpur,14 Min 49 Min,30
https://youtu.be/m8eDm_aTcPA?si=oWXLV2TjSB-sqe7j,Maithili,Null,General,Female,Janakpur,17 Min 2 sec,30
https://youtu.be/8riFCMbSPic?si=dOM5VAdQ9YCDwOpP,Maithili,Null,General,Female,Janakpur,15 Min 20 Sec,30
https://youtu.be/UWLtJrOLKeg?si=XNcD7u3ihmyLAwVS,Maithili,Null,General,Female,Janakpur,13 Min 52 Sec,30
https://youtu.be/b8X1VQzWf94?si=d1jWq4JI-sjXbL5W,Maithili,Null,General,Female,Janakpur,15 Min 23 Sec,30
https://youtu.be/_VuKPGCU0MA?si=5YiJNFBJf_RrqVS-,Maithili,Null,General,Null,Null,15 Min 22 Sec,Null
https://youtu.be/Jf7OdtJaFEQ?si=rFNhRsNxlVkiSoPc,Maithili,Null,General,Null,Null,15 Min 25 Sec,Null
https://youtu.be/RqMmBROAlvQ?si=u34pNx32rRFoZr9m,Maithili,Null,General,Null,Null,13 Min,Null
https://youtu.be/sa_L6nvAw0k?si=BwXlESHBkX_yy2Ho,Maithili,Null,General,Null,Null,13 Min 14 Sec,Null
https://youtu.be/UOndnGi8-_g?si=LdfhDoXKSxr7IHyx,Maithili,Null,General,Null,Null,13 Min 3 Sec,Null
https://youtu.be/PLVWQVVLL58?si=OazZko0kePztGWSt,Maithili,Null,General,Null,Null,17 Min 25 Sec,Null
https://youtu.be/HWfqoM6itY0?si=e8bTEAX7wXi5u2TV,Maithili,Null,General,Null,Null,12 Min 6 Sec,Null
https://youtu.be/ZPtZVc3SCW4?si=KgJCNjvip9GL86Uf,Maithili,Null,General,Null,Null,17 Min 50 Sec,Null
https://youtu.be/PeBwbV3xtMc?si=mgraCux4b6rA1p5r,Maithili,Null,General,Null,Null,19 Min 26 Sec,Null
https://youtu.be/24JVPkMcfrk?si=eY4vaDZUOyRv9aWv,Maithili,Null,General,Male,India,1 hr 24 Min 4 sec,35
https://youtu.be/mgkE_8TthBU?si=IEMaEH-V7lHh3E0W,Maithili,Null,General,Male,India,1 hr 29 Min 37 sec,35
https://youtu.be/0TCdIDse7dw?si=b9_Z1QYIL2NRedR6,Maithili,Null,General,Male,India,1 hr 8 Min 15 sec,35
https://youtu.be/QQz0cfJPurY?si=pZYJdu5zxMR13z6s,Maithili,Null,Health,Male,Rajbiraj,1 hr 4 min 31 sec,40
https://youtu.be/kr3tqyhtr0U?si=YNuuAkRnUOxoY3d9,Maithili,Null,Health,Male/Female,Rajbiraj,1 hr 18 Min 52 Sec,40
https://youtu.be/9T6JQNDP8SI?si=P_WvMRSyIIjid50i,Maithili,Null,Health,Male,Rajbiraj,1 hr 6 min 37 sec,40
https://youtu.be/3smQXBjCGNk?si=uVBfy8vcONyljcrL,Maithili,Null,Religion,Male,Null,28 Min 21 Sec,25
https://youtu.be/PUmkkOWqWGU?si=Sir9APD4K1umeczi,Maithili,Null,General,Male,Null,58 Min 23 Sec,25
https://www.youtube.com/live/s9CQhxbAbIA?si=bx07Xv7_5qL7C9cr,Maithili,Null,Health,Male,Janakpur,50 Min 50 Sec,35
https://www.youtube.com/live/fCpBPldvs84?si=yhnUP2XeDynTO8zK,Maithili,Null,Health,Null,Null,47 Min 5 sec,Null
https://www.youtube.com/live/PN25NTWbJkk?si=6YjVHLkAhjFRS2Nh,Maithili,Null,Health,Null,Null,54 Min 25 Sec,Null
https://www.youtube.com/live/rrYrfaK_suY?si=aaUUsJOm8LRodqWd,Maithili,Null,Health,Null,Null,42 Min 20 sec,35
https://www.youtube.com/live/N9Xlh7HX9Sc?si=5ijFTL0dmkUpqXK-,Maithili,Null,Health,Null,Null,51 Min 35 Sec,35
https://www.youtube.com/live/tJA1zCta3mc?si=8xtL6Bzxivx6HMKI,Maithili,Null,Health,Null,Null,37 Min,Null
https://www.youtube.com/live/4S1x0PiHSgw?si=4yH_JlcXKCoAVRas,Maithili,Null,Health,Null,Null,51 Min 15 Sec,Null
https://youtu.be/exwiGMPxUFQ?si=gY00xIq_FNYgexU_,Maithili,Null,Health,Null,Null,44 Min 34 Sec,35/Above 40
https://youtu.be/uE5qLsszado?si=24qCN-0t3GNitQoe,Maithili,Null,Health,Null,Null,37 min 1 sec,Null
https://youtu.be/9dsr2O9XIWY?si=oZHHj5-keI_clDx2,Maithili,Null,General,Female,Biratnagar,12 Min 5 Sec,30
https://youtu.be/u3F-5ieC11g?si=drGzh-8guyfk_qqp,Maithili,Null,General,Null,Null,12 Min 2 Sec,Null
https://youtu.be/BOIRCZ868nQ?si=eWZfOSeXQXNL8xJL,Maithili,Null,General,Null,Null,13 Min 24 Sec,Null
https://youtu.be/ZAuzYmFCh-c?si=-FjgLLVn3HltcWNJ,Maithili,Null,General,Null,Null,10 Min 59 Sec,Null
https://youtu.be/AzPhbPlLYYM?si=6HQG2AIsTYpuhkuD,Maithili,Null,General,Null,Null,10 Min 29 Sec,Null
https://www.youtube.com/watch?v=IiUCusVtDuY,Maithili,Null,Health,Female,Siraha,7 Hr 26 Min 12 Sec,Null
https://www.youtube.com/watch?v=j5CbyXkti0g,Maithili,Null,Health,Female,Siraha,7 Hr 26 Min 12 Sec,Null
https://www.youtube.com/watch?v=MJTxoEWbcDw,Maithili,Null,Health,Female,Siraha,7 Hr 26 Min 12 Sec,Null
https://www.youtube.com/watch?v=NmrYTeIRvWk,Maithili,Null,Health,Female,Siraha,7 Hr 26 Min 12 Sec,Null
https://www.youtube.com/watch?v=kOhOOamSrgA,Maithili,Null,Health,Female,Siraha,7 Hr 26 Min 12 Sec,Null
https://www.youtube.com/watch?v=ZkEGrj9Tpqs,Maithili,Null,Health,Female,Siraha,7 Hr 26 Min 12 Sec,Null
https://www.youtube.com/watch?v=_w_1ODnSGw4,Maithili,Null,Health,Female,Siraha,7 Hr 26 Min 12 Sec,Null
https://www.youtube.com/watch?v=g-KKdk7qVM8,Maithili,Null,Health,Female,Siraha,7 Hr 26 Min 12 Sec,Null
https://www.youtube.com/watch?v=AY2wj_vUn-g,Maithili,Null,Health,Female,Siraha,7 Hr 26 Min 12 Sec,Null
https://www.youtube.com/watch?v=PlGKD-Prdmw,Maithili,Null,Health,Female,Siraha,7 Hr 26 Min 12 Sec,Null
https://www.youtube.com/watch?v=kGDspCEhLf8,Maithili,Null,Health,Female,Siraha,7 Hr 26 Min 12 Sec,Null
https://www.youtube.com/watch?v=LAR251plXhw,Maithili,Null,Health,Female,Siraha,7 Hr 26 Min 12 Sec,Null
https://www.youtube.com/watch?v=EXxwmQv8_8A,Maithili,Null,Health,Female,Siraha,7 Hr 26 Min 12 Sec,Null
https://www.youtube.com/watch?v=Euj1KvoO1Kc,Maithili,Null,Health,Female,Siraha,7 Hr 26 Min 12 Sec,Null
https://www.youtube.com/watch?v=dKaJjtn2V60,Maithili,Null,Health,Female,Siraha,7 Hr 26 Min 12 Sec,Null
https://www.youtube.com/watch?v=icnXneu0aFE,Maithili,Null,Health,Female,Siraha,7 Hr 26 Min 12 Sec,Null
https://www.youtube.com/watch?v=tt9lQBnkPmE,Maithili,Null,Health,Female,Siraha,7 Hr 26 Min 12 Sec,Null
https://www.youtube.com/watch?v=_JrwdsaFPYQ,Maithili,Null,Health,Female,Siraha,7 Hr 26 Min 12 Sec,Null
https://www.youtube.com/watch?v=g6u2VrqBo3Y,Maithili,Null,Health,Female,Siraha,7 Hr 26 Min 12 Sec,Null
https://www.youtube.com/watch?v=qmeZsAFPmeA,Maithili,Null,Health,Female,Siraha,7 Hr 26 Min 12 Sec,Null
https://www.youtube.com/watch?v=fLis7dK-Nh0,Maithili,Null,Health,Female,Siraha,7 Hr 26 Min 12 Sec,Null
https://www.youtube.com/watch?v=P8V6APFhFLo,Maithili,Null,Health,Female,Siraha,7 Hr 26 Min 12 Sec,Null
https://www.youtube.com/watch?v=Dc6HvoAMH0U,Maithili,Null,Health,Female,Siraha,7 Hr 26 Min 12 Sec,Null
https://www.youtube.com/watch?v=FJxqqBbtIYw,Maithili,Null,Health,Female,Siraha,7 Hr 26 Min 12 Sec,Null
https://www.youtube.com/watch?v=SOn16fOd-Io,Maithili,Null,Health,Female,Siraha,7 Hr 26 Min 12 Sec,Null
https://www.youtube.com/watch?v=xAibKF6kwt4,Maithili,Null,Health,Female,Siraha,7 Hr 26 Min 12 Sec,Null
https://www.youtube.com/watch?v=AY_fNkd31QE,Maithili,Null,Health,Female,Siraha,7 Hr 26 Min 12 Sec,Null
https://www.youtube.com/watch?v=oK2xT64S4Gk,Maithili,Null,Health,Female,Siraha,7 Hr 26 Min 12 Sec,Null
https://www.youtube.com/watch?v=qCcDYnkqQx4,Maithili,Null,Health,Female,Siraha,7 Hr 26 Min 12 Sec,Null
https://www.youtube.com/watch?v=TXRpLI7hQcE,Maithili,Null,Health,Female,Siraha,7 Hr 26 Min 12 Sec,Null
https://www.youtube.com/watch?v=0_6dtCFRUHA,Maithili,Null,Health,Female,Siraha,7 Hr 26 Min 12 Sec,Null
https://www.youtube.com/watch?v=E3gmzf7-7mY,Maithili,Null,Health,Female,Siraha,7 Hr 26 Min 12 Sec,Null
https://www.youtube.com/watch?v=aM1i_5LgI7A,Maithili,Null,Health,Female,Siraha,7 Hr 26 Min 12 Sec,Null
https://www.youtube.com/watch?v=mbEvScLU_gw,Maithili,Null,Health,Female,Siraha,7 Hr 26 Min 12 Sec,Null
https://www.youtube.com/watch?v=RMP2sairS80,Maithili,Null,Health,Female,Siraha,7 Hr 26 Min 12 Sec,Null
https://www.youtube.com/watch?v=uJzlG1R1YmA,Maithili,Null,Health,Female,Siraha,7 Hr 26 Min 12 Sec,Null
https://www.youtube.com/watch?v=2CaJND4LX9U,Maithili,Null,Health,Female,Siraha,7 Hr 26 Min 12 Sec,Null
https://www.youtube.com/watch?v=dY19zK4Y8TM,Maithili,Null,Health,Female,Siraha,7 Hr 26 Min 12 Sec,Null
https://www.youtube.com/watch?v=A_MtXIWZQdA,Maithili,Null,Health,Female,Siraha,7 Hr 26 Min 12 Sec,Null
https://www.youtube.com/watch?v=NOWGLXYe3Rk,Maithili,Null,Health,Female,Siraha,7 Hr 26 Min 12 Sec,Null
https://www.youtube.com/watch?v=5EukyPMywsM,Maithili,Null,Health,Female,Siraha,7 Hr 26 Min 12 Sec,Null
https://www.youtube.com/watch?v=H219lmFlOP8,Maithili,Null,Health,Female,Siraha,7 Hr 26 Min 12 Sec,Null
https://www.youtube.com/watch?v=lyQOR3Lz9aY,Maithili,Null,Health,Female,Siraha,7 Hr 26 Min 12 Sec,Null
https://www.youtube.com/watch?v=WNkaDesGyi4,Maithili,Null,Health,Female,Siraha,7 Hr 26 Min 12 Sec,Null
https://www.youtube.com/watch?v=o7kBufwgnKc,Maithili,Null,Health,Female,Siraha,7 Hr 26 Min 12 Sec,Null
https://www.youtube.com/watch?v=xnHu4R8WaGA,Maithili,Null,Health,Female,Siraha,7 Hr 26 Min 12 Sec,Null
https://www.youtube.com/watch?v=GugcvlUweDQ,Maithili,Null,Health,Female,Siraha,7 Hr 26 Min 12 Sec,Null
https://www.youtube.com/watch?v=QKj78df8CA8,Maithili,Null,Health,Female,Siraha,7 Hr 26 Min 12 Sec,Null
https://www.youtube.com/watch?v=vtSDjs_LC5c,Maithili,Null,Health,Female,Siraha,7 Hr 26 Min 12 Sec,Null
https://www.youtube.com/watch?v=wZyZAELOZ40,Maithili,Null,Health,Female,Siraha,7 Hr 26 Min 12 Sec,Null
https://www.youtube.com/watch?v=XcZW8zk4PYs,Maithili,Null,Health,Female,Siraha,7 Hr 26 Min 12 Sec,Null
https://www.youtube.com/watch?v=ihz57Rva3Ig,Maithili,Null,Health,Female,Siraha,7 Hr 26 Min 12 Sec,Null
https://www.youtube.com/watch?v=xacr0CQtZco,Maithili,Null,Health,Female,Siraha,7 Hr 26 Min 12 Sec,Null
https://www.youtube.com/watch?v=pVFcHFTB1Lc,Maithili,Null,Health,Female,Siraha,7 Hr 26 Min 12 Sec,Null
https://www.youtube.com/watch?v=uxjTnuQ6BDk,Maithili,Null,Health,Female,Siraha,7 Hr 26 Min 12 Sec,Null
https://www.youtube.com/watch?v=MwcAW8hhjGk,Maithili,Null,Health,Female,Siraha,7 Hr 26 Min 12 Sec,Null
https://www.youtube.com/watch?v=rCFY_tnRybM,Maithili,Null,Health,Female,Siraha,7 Hr 26 Min 12 Sec,Null
https://www.youtube.com/watch?v=jLDa01Faaz0,Maithili,Null,Health,Female,Siraha,7 Hr 26 Min 12 Sec,Null
https://www.youtube.com/watch?v=BT0z02e-zRg,Maithili,Null,Health,Female,Siraha,7 Hr 26 Min 12 Sec,Null
https://www.youtube.com/watch?v=BQMJWD_4HDQ,Maithili,Null,Health,Female,Siraha,7 Hr 26 Min 12 Sec,Null
https://www.youtube.com/watch?v=NHK_p4KrvfI,Maithili,Null,Health,Female,Siraha,7 Hr 26 Min 12 Sec,Null
https://www.youtube.com/watch?v=Z_nu3qViYvQ,Maithili,Null,Health,Female,Siraha,7 Hr 26 Min 12 Sec,Null
https://www.youtube.com/watch?v=B-5yRjxxzyA,Maithili,Null,Health,Female,Siraha,7 Hr 26 Min 12 Sec,Null
https://www.youtube.com/watch?v=mWQd-x3xlRA,Maithili,Null,Health,Female,Siraha,7 Hr 26 Min 12 Sec,Null
https://www.youtube.com/watch?v=BWU5jZBj9JY,Maithili,Null,Health,Female,Siraha,7 Hr 26 Min 12 Sec,Null
https://www.youtube.com/watch?v=U6GfBXLH1Lc,Maithili,Null,Health,Female,Siraha,7 Hr 26 Min 12 Sec,Null
https://www.youtube.com/watch?v=J_pS2cCFtlg,Maithili,Null,Health,Female,Siraha,7 Hr 26 Min 12 Sec,Null
https://www.youtube.com/watch?v=P-G4RzzbFZU,Maithili,Null,Health,Female,Siraha,7 Hr 26 Min 12 Sec,Null
https://www.youtube.com/watch?v=N-5fj5PL0Ng,Maithili,Null,Health,Female,Siraha,7 Hr 26 Min 12 Sec,Null
https://www.youtube.com/watch?v=27YbkM7Nxq4,Maithili,Null,Health,Female,Siraha,7 Hr 26 Min 12 Sec,Null
https://www.youtube.com/watch?v=MPp7dwNG6EI,Maithili,Null,Health,Female,Siraha,7 Hr 26 Min 12 Sec,Null
https://www.youtube.com/watch?v=H9W-rBsog9k,Maithili,Null,Health,Female,Siraha,7 Hr 26 Min 12 Sec,Null
https://www.youtube.com/watch?v=JtkIhPxDkD0,Maithili,Null,Health,Female,Siraha,7 Hr 26 Min 12 Sec,Null
https://www.youtube.com/watch?v=_4iA0lfjUzI,Maithili,Null,Health,Female,Siraha,7 Hr 26 Min 12 Sec,Null
https://www.youtube.com/watch?v=5ctosKudDGQ,Maithili,Null,Health,Female,Siraha,7 Hr 26 Min 12 Sec,Null
https://www.youtube.com/watch?v=mBRmkKpKCE8,Maithili,Null,Health,Female,Siraha,7 Hr 26 Min 12 Sec,Null
https://www.youtube.com/watch?v=6Xp4rqI1YbU,Maithili,Null,Health,Female,Siraha,7 Hr 26 Min 12 Sec,Null
https://www.youtube.com/watch?v=5p1kRmapBoA,Maithili,Null,Health,Female,Siraha,7 Hr 26 Min 12 Sec,Null
https://www.youtube.com/watch?v=vedxGOBJDKM,Maithili,Null,Health,Female,Siraha,7 Hr 26 Min 12 Sec,Null
https://www.youtube.com/watch?v=-4ptrNR0TU8,Maithili,Null,Health,Female,Siraha,7 Hr 26 Min 12 Sec,Null
https://www.youtube.com/watch?v=8PweNMYPido,Maithili,Null,Health,Female,Siraha,7 Hr 26 Min 12 Sec,Null
https://www.youtube.com/watch?v=AzyIW4ZWSg0,Maithili,Null,Health,Female,Siraha,7 Hr 26 Min 12 Sec,Null
https://www.youtube.com/watch?v=9IjZTeK9FeY,Maithili,Null,Health,Female,Siraha,7 Hr 26 Min 12 Sec,Null
https://www.youtube.com/watch?v=od2UquAHvyY,Maithili,Null,Health,Female,Siraha,7 Hr 26 Min 12 Sec,Null
https://www.youtube.com/watch?v=0hb_GtwKRL0,Maithili,Null,Health,Female,Siraha,7 Hr 26 Min 12 Sec,Null
https://www.youtube.com/watch?v=QW7v7lvyOQ4,Maithili,Null,Health,Female,Siraha,7 Hr 26 Min 12 Sec,Null
https://www.youtube.com/watch?v=UXLSABm7t7g,Maithili,Null,Health,Female,Siraha,7 Hr 26 Min 12 Sec,Null
https://www.youtube.com/watch?v=TLV1tlipg8w,Maithili,Null,Health,Male/Female,Siraha,18 Min 17 Sec,Null
https://www.youtube.com/watch?v=Pr7-xmbymi8,Maithili,Null,Health,Male/Female,Siraha,18 Min 17 Sec,Null
https://www.youtube.com/watch?v=959RroMJgCw,Maithili,Null,Health,Male/Female,Siraha,18 Min 17 Sec,Null
https://www.youtube.com/watch?v=NRB0KmCdoT4,Maithili,Null,Health,Male/Female,Siraha,18 Min 17 Sec,Null
https://www.youtube.com/watch?v=L1UaaHLuKtY,Maithili,Null,Health,Male/Female,Siraha,18 Min 17 Sec,Null
https://www.youtube.com/watch?v=LlwfGkh7_zw,Maithili,Null,Health,Male/Female,Siraha,18 Min 17 Sec,Null
https://www.youtube.com/watch?v=GOAnGfMkXP8,Maithili,Null,Health,Male/Female,Siraha,18 Min 17 Sec,Null
https://www.youtube.com/watch?v=mDdYSDoqXt4,Maithili,Null,Health,Male/Female,Siraha,18 Min 17 Sec,Null
https://www.youtube.com/watch?v=zXmju6c5EKE,Maithili,Null,Health,Male/Female,Siraha,18 Min 17 Sec,Null
https://www.youtube.com/watch?v=I2njmPmKaws,Maithili,Null,Health,Male/Female,Siraha,18 Min 17 Sec,Null
https://www.youtube.com/watch?v=XXI-VgxaKLU,Maithili,Null,Health,Male/Female,Siraha,18 Min 17 Sec,Null
https://www.youtube.com/watch?v=GjeLgnQlyZY,Maithili,Null,Health,Male/Female,Siraha,18 Min 17 Sec,Null
https://www.youtube.com/watch?v=GtMijRYq_w0,Maithili,Null,Health,Female,Siraha,39 Min 43 Sec,Null
https://www.youtube.com/watch?v=acPd-IDsyWY,Maithili,Null,Health,Female,Siraha,39 Min 43 Sec,Null
https://www.youtube.com/watch?v=ErlPaHnrnHI,Maithili,Null,Health,Female,Siraha,39 Min 43 Sec,Null
https://www.youtube.com/watch?v=Lv6y0GNL-rg,Maithili,Null,Health,Female,Siraha,39 Min 43 Sec,Null
https://www.youtube.com/watch?v=9jkexDWHBO0,Maithili,Null,Health,Female,Siraha,39 Min 43 Sec,Null
https://www.youtube.com/watch?v=x-UQSpBCAtQ,Maithili,Null,Health,Female,Siraha,39 Min 43 Sec,Null
https://www.youtube.com/watch?v=aGuH4wiKvr8,Maithili,Null,Health,Female,Siraha,39 Min 43 Sec,Null
https://www.youtube.com/watch?v=cDSuQeSnsHk,Maithili,Null,Health,Female,Siraha,39 Min 43 Sec,Null
https://www.youtube.com/watch?v=xLCi14z5vTg,Maithili,Null,Health,Female,Siraha,39 Min 43 Sec,Null
https://www.youtube.com/watch?v=fHuorIJGKno,Maithili,Null,Health,Female,Siraha,39 Min 43 Sec,Null
https://www.youtube.com/watch?v=GdXPeyd3-Ws,Maithili,Null,Health,Female,Siraha,39 Min 43 Sec,Null
https://www.youtube.com/watch?v=dsWp59RJ-lU,Maithili,Null,Health,Female,Siraha,39 Min 43 Sec,Null
https://www.youtube.com/watch?v=7VhiRMTglqY,Maithili,Null,Health,Female,Siraha,39 Min 43 Sec,Null
https://www.youtube.com/watch?v=uV3iYQV59Fw,Maithili,Null,Health,Female,Siraha,39 Min 43 Sec,Null
https://www.youtube.com/watch?v=iRjM0Z82Swo,Maithili,Null,Health,Female,Siraha,39 Min 43 Sec,Null
https://www.youtube.com/watch?v=KTPbyWTk564,Maithili,Null,Health,Female,Siraha,39 Min 43 Sec,Null
https://www.youtube.com/watch?v=1WJ3zKwWlW0,Maithili,Null,Health,Female,Siraha,39 Min 43 Sec,Null
https://www.youtube.com/watch?v=J1emrNLS5J4,Maithili,Null,Health,Female,Siraha,39 Min 43 Sec,Null
https://www.youtube.com/watch?v=qNPcbvHFeX4,Maithili,Null,Health,Female,Siraha,39 Min 43 Sec,Null
https://www.youtube.com/watch?v=Hu_Atk6iFxY,Maithili,Null,Health,Female,Siraha,39 Min 43 Sec,Null
https://www.youtube.com/watch?v=pOt80otDheE,Maithili,Null,Health,Female,Siraha,39 Min 43 Sec,Null
https://www.youtube.com/watch?v=oWm2KoskpOo,Maithili,Null,Health,Female,Siraha,39 Min 43 Sec,Null
https://www.youtube.com/watch?v=P9Db4FpmB_M,Maithili,Null,Health,Female,Siraha,39 Min 43 Sec,Null
https://www.youtube.com/watch?v=P0bceXbT98Q,Maithili,Null,Health,Female,Siraha,39 Min 43 Sec,Null
https://www.youtube.com/watch?v=TidS_njZ49s,Maithili,Null,Health,Female,Siraha,39 Min 43 Sec,Null
https://www.youtube.com/watch?v=PiMTPzN6aG0,Maithili,Null,Health,Female,Siraha,39 Min 43 Sec,Null
https://www.youtube.com/watch?v=ICusv78mrw0,Maithili,Null,Health,Female,Siraha,39 Min 43 Sec,Null
https://www.youtube.com/watch?v=pUQHU4Oh1OQ,Maithili,Null,Health,Male,Siraha,8 Min 15 Sec,Null
https://www.youtube.com/watch?v=J3GmKRs3ON4,Maithili,Null,Health,Male,Siraha,8 Min 15 Sec,Null
https://www.youtube.com/watch?v=BFN_q62YlTM,Maithili,Null,Health,Male,Siraha,8 Min 15 Sec,Null
https://www.youtube.com/watch?v=eUTYrsOFnzY,Maithili,Null,Health,Male,Siraha,8 Min 15 Sec,Null
https://www.youtube.com/watch?v=RN2EhaJiBwQ,Maithili,Null,Health,Male,Siraha,8 Min 15 Sec,Null
https://www.youtube.com/watch?v=f54oRlpFqNg,Maithili,Null,Health,Male,Siraha,8 Min 15 Sec,Null
https://www.youtube.com/watch?v=9WbKnhawrK0,Maithili,Null,Health,Null,Siraha,30 Min 26 Sec,Null
https://www.youtube.com/watch?v=RNAbJmzB37c,Maithili,Null,Health,Null,Siraha,30 Min 26 Sec,Null
https://www.youtube.com/watch?v=E4FoRtK2PM8,Maithili,Null,Health,Null,Siraha,30 Min 26 Sec,Null
https://www.youtube.com/watch?v=zeG2_ZwzqM4,Maithili,Null,Health,Null,Siraha,30 Min 26 Sec,Null
https://www.youtube.com/watch?v=Af-Nc41fWcc,Maithili,Null,Health,Null,Siraha,30 Min 26 Sec,Null
https://www.youtube.com/watch?v=Jy_S2_ACrzk,Maithili,Null,Health,Null,Siraha,30 Min 26 Sec,Null
https://www.youtube.com/watch?v=3zRtFAZFwRU,Maithili,Null,Health,Null,Siraha,30 Min 26 Sec,Null
https://www.youtube.com/watch?v=3oVRqmG72tk,Maithili,Null,Health,Null,Siraha,30 Min 26 Sec,Null
https://www.youtube.com/watch?v=7ZVFmx8QjYc,Maithili,Null,Health,Null,Siraha,30 Min 26 Sec,Null
https://www.youtube.com/watch?v=As4RblFqXPM,Maithili,Null,Health,Null,Siraha,30 Min 26 Sec,Null
https://www.youtube.com/watch?v=cFJyhPRJPkc,Maithili,Null,Health,Null,Siraha,30 Min 26 Sec,Null
https://www.youtube.com/watch?v=ZcHzl4ylRy4,Maithili,Null,Health,Null,Siraha,30 Min 26 Sec,Null
https://www.youtube.com/watch?v=_Tp8l-06Qao,Maithili,Null,Health,Null,Siraha,30 Min 26 Sec,Null
https://www.youtube.com/watch?v=Xlq2JFGRrbQ,Maithili,Null,Health,Null,Siraha,30 Min 26 Sec,Null
https://www.youtube.com/watch?v=qPqEWkoeV4M,Maithili,Null,Health,Null,Siraha,30 Min 26 Sec,Null
https://www.youtube.com/watch?v=Mi9coRf322Q,Maithili,Null,Health,Null,Siraha,30 Min 26 Sec,Null
https://www.youtube.com/watch?v=xoa-xd_6-Mo,Maithili,Null,Health,Null,Siraha,30 Min 26 Sec,Null
https://www.youtube.com/watch?v=hop2unW185c,Maithili,Null,Health,Null,Siraha,30 Min 26 Sec,Null
https://www.youtube.com/watch?v=qsm3Bb9BU2U,Maithili,Null,Health,Null,Siraha,30 Min 26 Sec,Null
https://www.youtube.com/watch?v=EGm_Wo2hV4I,Maithili,Null,Health,Null,Siraha,30 Min 26 Sec,Null
https://www.youtube.com/watch?v=lVWtwsAEiUE,Maithili,Null,Health,Null,Siraha,30 Min 26 Sec,Null
https://www.youtube.com/watch?v=KQC8sAkrxgk,Maithili,Null,Health,Null,Siraha,30 Min 26 Sec,Null
https://www.youtube.com/watch?v=cz01nXurccM,Maithili,Null,Health,Null,Siraha,30 Min 26 Sec,Null
https://www.youtube.com/watch?v=8TOD7cjlkFM,Maithili,Null,Health,Male/Female,Siraha,11 Min 47 Sec,35
https://www.youtube.com/watch?v=e_R1f0WjxBw,Maithili,Null,Health,Male/Female,Siraha,11 Min 47 Sec,35
https://www.youtube.com/watch?v=o8Xa0FJpQyM,Maithili,Null,Health,Male/Female,Siraha,11 Min 47 Sec,35
https://www.youtube.com/watch?v=fH0vkrKHd-Q,Maithili,Null,Health,Male/Female,Siraha,11 Min 47 Sec,35
https://www.youtube.com/watch?v=RY7cjPDriOI,Maithili,Null,Health,Male/Female,Siraha,11 Min 47 Sec,35
https://www.youtube.com/watch?v=AbSDKxOOgZI,Maithili,Null,Health,Male/Female,Siraha,11 Min 47 Sec,35
https://www.youtube.com/watch?v=6h3RESr258E,Maithili,Null,Health,Male/Female,Siraha,11 Min 47 Sec,35
https://www.youtube.com/watch?v=Lo1lHzpt-xc,Maithili,Null,Health,Male/Female,Siraha,11 Min 47 Sec,35
https://www.youtube.com/watch?v=yyxypCPKZ68,Maithili,Null,Health,Male/Female,Siraha,11 Min 47 Sec,35
https://www.youtube.com/watch?v=GkqiejZNYHo,Maithili,Null,Health,Male/Female,Siraha,11 Min 47 Sec,35
https://www.youtube.com/watch?v=n4jXYB9t324,Maithili,Null,Health,Male/Female,Siraha,11 Min 47 Sec,35
https://www.youtube.com/watch?v=ruaEJFsIY00,Maithili,Null,Health,Male/Female,Siraha,11 Min 47 Sec,35
https://www.youtube.com/watch?v=AeNl_SIyRuc,Maithili,Null,Health,Male/Female,Siraha,11 Min 47 Sec,35
https://www.youtube.com/watch?v=qLoIlobj3wI,Maithili,Null,Health,Male/Female,Siraha,11 Min 47 Sec,35
https://www.youtube.com/watch?v=Ir_f9vxGVHg,Maithili,Null,Health,Male,Siraha,25 Min 5 Sec,Null
https://www.youtube.com/watch?v=LwSk7mVFdTA,Maithili,Null,Health,Male,Siraha,25 Min 5 Sec,Null
https://www.youtube.com/watch?v=gycsN1NZtjw,Maithili,Null,Health,Male,Siraha,25 Min 5 Sec,Null
https://www.youtube.com/watch?v=y7K_pvZn43E,Maithili,Null,Health,Male,Siraha,25 Min 5 Sec,Null
https://www.youtube.com/watch?v=zd0Er8DI0W0,Maithili,Null,Health,Male,Siraha,25 Min 5 Sec,Null
https://www.youtube.com/watch?v=Be0btwdmMos,Maithili,Null,Health,Male,Siraha,25 Min 5 Sec,Null
https://www.youtube.com/watch?v=ZFdzay5LtL0,Maithili,Null,Health,Male,Siraha,25 Min 5 Sec,Null
https://www.youtube.com/watch?v=mZ8FBK75stM,Maithili,Null,Health,Male,Siraha,25 Min 5 Sec,Null
https://www.youtube.com/watch?v=7iNt2yuOXFY,Maithili,Null,Health,Male,Siraha,25 Min 5 Sec,Null
https://www.youtube.com/watch?v=WKWx2TlF6xU,Maithili,Null,Health,Male,Siraha,25 Min 5 Sec,Null
https://www.youtube.com/watch?v=sof5EkkYseU,Maithili,Null,Health,Male,Siraha,25 Min 5 Sec,Null
https://www.youtube.com/watch?v=OroRsDGrMqI,Maithili,Null,Health,Male,Siraha,25 Min 5 Sec,Null
https://www.youtube.com/watch?v=0PtlcKun6Jk,Maithili,Null,Health,Male,Siraha,25 Min 5 Sec,Null
https://www.youtube.com/watch?v=uF8QsELofzY,Maithili,Null,Health,Male,Siraha,25 Min 5 Sec,Null
https://www.youtube.com/watch?v=A4yGL9L7oHI,Maithili,Null,Health,Male,Siraha,25 Min 5 Sec,Null
https://www.youtube.com/watch?v=K6Kdv8dVXyM,Maithili,Null,Health,Male,Siraha,25 Min 5 Sec,Null
https://www.youtube.com/watch?v=qQZE8zO6PeM,Maithili,Null,Health,Male,Siraha,25 Min 5 Sec,Null
https://www.youtube.com/watch?v=cdQz2NXEY2o,Maithili,Null,Health,Male,Siraha,25 Min 5 Sec,Null
https://www.youtube.com/watch?v=jYjow3y-3q4,Maithili,Null,Health,Male,Siraha,25 Min 5 Sec,Null
https://www.youtube.com/watch?v=6rP-sdBej3k,Maithili,Null,Health,Male,Siraha,25 Min 5 Sec,Null
https://www.youtube.com/watch?v=1FGWg-1hcWo,Maithili,Null,Health,Male,Siraha,59 Min 2 Sec,35
https://www.youtube.com/watch?v=839oimv_jGI,Maithili,Null,Health,Male,Siraha,59 Min 2 Sec,35
https://www.youtube.com/watch?v=Ox4I9PbvUV4,Maithili,Null,Health,Male,Siraha,59 Min 2 Sec,35
https://www.youtube.com/watch?v=NDGYBme22Hk,Maithili,Null,Health,Male,Siraha,59 Min 2 Sec,35
https://www.youtube.com/watch?v=_uOPsueL7yI,Maithili,Null,Health,Male,Siraha,59 Min 2 Sec,35
https://www.youtube.com/watch?v=oJjZ4wUc1A8,Maithili,Null,Health,Male,Siraha,59 Min 2 Sec,35
https://www.youtube.com/watch?v=PEGuiZ-gi5w,Maithili,Null,Health,Male,Siraha,59 Min 2 Sec,35
https://www.youtube.com/watch?v=J4mkeqq0jaM,Maithili,Null,Health,Male,Siraha,59 Min 2 Sec,35
https://www.youtube.com/watch?v=FGhLhGb-Ihs,Maithili,Null,Health,Male,Siraha,59 Min 2 Sec,35
https://www.youtube.com/watch?v=CzY3JvqBOBY,Maithili,Null,Health,Male,Siraha,59 Min 2 Sec,35
https://www.youtube.com/watch?v=pkmj5PjDuFo,Maithili,Null,Health,Male,Siraha,59 Min 2 Sec,35
https://www.youtube.com/watch?v=COH1LHem_mo,Maithili,Null,Health,Male,Siraha,59 Min 2 Sec,35
https://www.youtube.com/watch?v=yPebx-Es8rM,Maithili,Null,Health,Male,Siraha,59 Min 2 Sec,35
https://www.youtube.com/watch?v=eIEOoNIjxk4,Maithili,Null,Health,Male,Siraha,59 Min 2 Sec,35
https://www.youtube.com/watch?v=16hbneqQKPg,Maithili,Null,Health,Male,Siraha,59 Min 2 Sec,35
https://www.youtube.com/watch?v=2T1kKMLm7G4,Maithili,Null,Health,Male,Siraha,59 Min 2 Sec,35
https://www.youtube.com/watch?v=YuiFHLJsCys,Maithili,Null,Health,Male,Siraha,59 Min 2 Sec,35
https://www.youtube.com/watch?v=hU3Mc8p9PPA,Maithili,Null,Health,Male,Siraha,59 Min 2 Sec,35
https://www.youtube.com/watch?v=F2wVrGCd70Q,Maithili,Null,Health,Male,Siraha,59 Min 2 Sec,35
https://www.youtube.com/watch?v=5vwDMLubMcc,Maithili,Null,Health,Male,Siraha,59 Min 2 Sec,35
https://www.youtube.com/watch?v=zYztdaqvtAc,Maithili,Null,Health,Male,Siraha,59 Min 2 Sec,35
https://www.youtube.com/watch?v=en-OUjCmCco,Maithili,Null,Health,Male,Siraha,59 Min 2 Sec,35
https://www.youtube.com/watch?v=moRG5RRCvYk,Maithili,Null,Health,Male,Siraha,59 Min 2 Sec,35
https://www.youtube.com/watch?v=1AIwP2I3UUQ,Maithili,Null,Health,Male,Siraha,59 Min 2 Sec,35
https://www.youtube.com/watch?v=6DX3UkDfEVQ,Maithili,Null,Health,Male,Siraha,59 Min 2 Sec,35
https://www.youtube.com/watch?v=-lxty_aVLfo,Maithili,Null,Health,Male,Siraha,59 Min 2 Sec,35
https://www.youtube.com/watch?v=ckE74ksYEFM,Maithili,Null,Health,Male,Siraha,59 Min 2 Sec,35
https://www.youtube.com/watch?v=NS2B1WVT1Uo,Maithili,Null,Health,Male,Siraha,59 Min 2 Sec,35
https://www.youtube.com/watch?v=aFcU1Q2Tsjs,Maithili,Null,Health,Male,Siraha,59 Min 2 Sec,35
https://www.youtube.com/watch?v=ihO6I2-J25s,Maithili,Null,Health,Male,Siraha,59 Min 2 Sec,35
https://www.youtube.com/watch?v=5MsN0hE1S70,Maithili,Null,Health,Male,Siraha,59 Min 2 Sec,35
https://www.youtube.com/watch?v=38n_rmPQDs4,Maithili,Null,Health,Male,Siraha,59 Min 2 Sec,35
https://www.youtube.com/watch?v=OtZgeErYJ4c,Maithili,Null,Health,Male,Siraha,59 Min 2 Sec,35
https://www.youtube.com/watch?v=tivWCb91UuQ,Maithili,Null,Health,Male,Siraha,59 Min 2 Sec,35
https://www.youtube.com/watch?v=thlsTbgoPT8,Maithili,Null,Health,Male,Siraha,59 Min 2 Sec,35
https://www.youtube.com/watch?v=00Sy4Fjj5Qw,Maithili,Null,Health,Male,Siraha,59 Min 2 Sec,35
https://www.youtube.com/watch?v=sdlnlcujd9g,Maithili,Null,Health,Male,Siraha,59 Min 2 Sec,35
https://www.youtube.com/watch?v=dzA-twXKUqM,Maithili,Null,Health,Male,Siraha,59 Min 2 Sec,35
https://www.youtube.com/watch?v=S-VY9jfLMXs,Maithili,Null,Health,Male,Siraha,59 Min 2 Sec,35
https://www.youtube.com/watch?v=pUa4JAMVkRE,Maithili,Null,Health,Male,Siraha,59 Min 2 Sec,35
https://www.youtube.com/watch?v=IDXFgypNMH4,Maithili,Null,Health,Male,Siraha,59 Min 2 Sec,35
https://www.youtube.com/watch?v=FFo8SfuLrkk,Maithili,Null,Health,Male,Siraha,59 Min 2 Sec,35
https://www.youtube.com/watch?v=7JgZ7ur65Vk,Maithili,Null,Health,Male,Siraha,59 Min 2 Sec,35
https://www.youtube.com/watch?v=49SDD-GfcH8,Maithili,Null,Health,Male,Siraha,59 Min 2 Sec,35
https://www.youtube.com/watch?v=d0AheLAsfLo,Maithili,Null,Health,Male,Siraha,59 Min 2 Sec,35
https://www.youtube.com/watch?v=zbKxW5pLtDE,Maithili,Null,Health,Male,Siraha,59 Min 2 Sec,35
https://www.youtube.com/watch?v=L1By_OciZos,Maithili,Null,Health,Male,Siraha,59 Min 2 Sec,35
https://www.youtube.com/watch?v=7kfRLyFrwQ0,Maithili,Null,Health,Male,Siraha,59 Min 2 Sec,35
https://www.youtube.com/watch?v=pE5hAJxYNRg,Maithili,Null,Health,Male,Siraha,59 Min 2 Sec,35
https://www.youtube.com/watch?v=8VJnebJSl1U,Maithili,Null,Health,Male,Siraha,59 Min 2 Sec,35
https://www.youtube.com/watch?v=EKnMJvnXlPE,Maithili,Null,Health,Male,Siraha,59 Min 2 Sec,35
https://www.youtube.com/watch?v=TDEIPxnUSGQ,Maithili,Null,Health,Male,Siraha,59 Min 2 Sec,35
https://www.youtube.com/watch?v=rGA-_7kf5A4,Maithili,Null,Health,Male,Siraha,59 Min 2 Sec,35
https://www.youtube.com/watch?v=AhGbpn5Z9sg,Maithili,Null,Health,Male,Siraha,59 Min 2 Sec,35
https://www.youtube.com/watch?v=IFiutmQ-eTo,Maithili,Null,Health,Male,Siraha,59 Min 2 Sec,35
https://www.youtube.com/watch?v=dsEGZnW9z24,Maithili,Null,Health,Male,Siraha,59 Min 2 Sec,35
https://www.youtube.com/watch?v=k8Xt09_ogOM,Maithili,Null,Health,Male,Siraha,59 Min 2 Sec,35
https://www.youtube.com/watch?v=9pDm1bIao20,Maithili,Null,Health,Male,Siraha,59 Min 2 Sec,35
https://www.youtube.com/watch?v=EmPtZBF0uHo,Maithili,Null,Health,Male,Siraha,59 Min 2 Sec,35
https://www.youtube.com/watch?v=Stxge6M4QAQ,Maithili,Null,Health,Male,Siraha,59 Min 2 Sec,35
https://www.youtube.com/watch?v=qPFENMpLZac,Maithili,Null,Health,Male,Siraha,59 Min 2 Sec,35
https://www.youtube.com/watch?v=FZ0vsi-e4i4,Maithili,Null,Health,Male,Siraha,59 Min 2 Sec,35
https://www.youtube.com/watch?v=cxnYN0fnkCA,Maithili,Null,Health,Male,Siraha,59 Min 2 Sec,35
https://www.youtube.com/watch?v=oYCu4EuQR8c,Maithili,Null,Health,Male,Siraha,59 Min 2 Sec,35
https://www.youtube.com/watch?v=Z4ph_m2tfAU,Maithili,Null,Health,Male,Siraha,59 Min 2 Sec,35
https://www.youtube.com/watch?v=zHHXvxJrSfg,Maithili,Null,Health,Male,Siraha,59 Min 2 Sec,35
https://www.youtube.com/watch?v=FpmTtH8MrpU,Maithili,Null,Health,Male,Siraha,59 Min 2 Sec,35
https://www.youtube.com/watch?v=LFGcDsgTJpk,Maithili,Null,Health,Male,Siraha,59 Min 2 Sec,35
https://www.youtube.com/watch?v=BC7q2BuZ1fY,Maithili,Null,Health,Male,Siraha,59 Min 2 Sec,35
https://www.youtube.com/watch?v=F0CD0hZOZ54,Maithili,Null,Health,Male,Siraha,59 Min 2 Sec,35
https://www.youtube.com/watch?v=DagmSfVdhLs,Maithili,Null,Health,Male,Siraha,59 Min 2 Sec,35
https://www.youtube.com/watch?v=vz0rcfl-jJQ,Maithili,Null,Health,Male,Siraha,37 Min 43 Sec,35
https://www.youtube.com/watch?v=Z7Q4HzlxJIs,Maithili,Null,Health,Male,Siraha,37 Min 43 Sec,35
https://www.youtube.com/watch?v=RsqoMdDwzbM,Maithili,Null,Health,Male,Siraha,37 Min 43 Sec,35
https://www.youtube.com/watch?v=yOXj3wKorMM,Maithili,Null,Health,Male,Siraha,37 Min 43 Sec,35
https://www.youtube.com/watch?v=JtB4KH6-ea8,Maithili,Null,Health,Male,Siraha,37 Min 43 Sec,35
https://www.youtube.com/watch?v=K-JrXQV-KcU,Maithili,Null,Health,Male,Siraha,37 Min 43 Sec,35
https://www.youtube.com/watch?v=KSlVqAFFRKY,Maithili,Null,Health,Male,Siraha,37 Min 43 Sec,35
https://www.youtube.com/watch?v=NG0SsKHMTkw,Maithili,Null,Health,Male,Siraha,37 Min 43 Sec,35
https://www.youtube.com/watch?v=PfS3F5D_k-U,Maithili,Null,Health,Male,Siraha,37 Min 43 Sec,35
https://www.youtube.com/watch?v=RweyM0LlbR4,Maithili,Null,Health,Male,Siraha,37 Min 43 Sec,35
https://www.youtube.com/watch?v=BC3diSVff2c,Maithili,Null,Health,Male,Siraha,37 Min 43 Sec,35
https://www.youtube.com/watch?v=TN2DqliBdmE,Maithili,Null,Health,Male,Siraha,37 Min 43 Sec,35
https://www.youtube.com/watch?v=LmwKTfAQqjc,Maithili,Null,Health,Male,Siraha,37 Min 43 Sec,35
https://www.youtube.com/watch?v=kIRZSh2ONWA,Maithili,Null,Health,Male,Siraha,37 Min 43 Sec,35
https://www.youtube.com/watch?v=9b_i2jrZ1F8,Maithili,Null,Health,Male,Siraha,37 Min 43 Sec,35
https://www.youtube.com/watch?v=-qz8AisTGUg,Maithili,Null,Health,Male,Siraha,37 Min 43 Sec,35
https://www.youtube.com/watch?v=4pT1eT_cYZs,Maithili,Null,Health,Male,Siraha,37 Min 43 Sec,35
https://www.youtube.com/watch?v=ZWf8a7Sf_9o,Maithili,Null,Health,Male,Siraha,37 Min 43 Sec,35
https://www.youtube.com/watch?v=KnhIfZgqrrw,Maithili,Null,Health,Male,Siraha,37 Min 43 Sec,35
https://www.youtube.com/watch?v=HQldX8gc2e0,Maithili,Null,Health,Male,Siraha,37 Min 43 Sec,35
https://www.youtube.com/watch?v=Z2jFtOb5qCY,Maithili,Null,Health,Male,Siraha,37 Min 43 Sec,35
https://www.youtube.com/watch?v=uwRW3_7AAow,Maithili,Null,Health,Male,Siraha,37 Min 43 Sec,35
https://www.youtube.com/watch?v=SMio8rKmeCg,Maithili,Null,Health,Male,Siraha,37 Min 43 Sec,35
https://www.youtube.com/watch?v=I8d3RbRJHiE,Maithili,Null,Health,Male,Siraha,37 Min 43 Sec,35
https://www.youtube.com/watch?v=END8g07K7fk,Maithili,Null,Health,Male,Siraha,37 Min 43 Sec,35
https://www.youtube.com/watch?v=0PNZMbzETtE,Maithili,Null,Health,Male,Siraha,37 Min 43 Sec,35
https://www.youtube.com/watch?v=m_rEhs322Zc,Maithili,Null,Health,Male,Siraha,37 Min 43 Sec,35
https://www.youtube.com/watch?v=fQXbpo_vWHg,Maithili,Null,Health,Male,Siraha,37 Min 43 Sec,35
https://www.youtube.com/watch?v=nKjXEBz5-9I,Maithili,Null,Health,Male,Siraha,37 Min 43 Sec,35
https://www.youtube.com/watch?v=bAATtRM_5R8,Maithili,Null,Health,Male,Siraha,37 Min 43 Sec,35
https://www.youtube.com/watch?v=QtqtEM6T6Jg,Maithili,Null,Health,Male,Siraha,37 Min 43 Sec,35
https://www.youtube.com/watch?v=kJjME6o20u4,Maithili,Null,Health,Male,Siraha,37 Min 43 Sec,35
https://www.youtube.com/watch?v=ib0Z-yv0L60,Maithili,Null,Health,Male,Siraha,37 Min 43 Sec,35
https://www.youtube.com/watch?v=_wr1EYZjOrM,Maithili,Null,Health,Male,Siraha,37 Min 43 Sec,35
https://www.youtube.com/watch?v=wM1p09HoU18,Maithili,Null,Health,Male,Siraha,37 Min 43 Sec,35
https://www.youtube.com/watch?v=SoMd5ctC0PQ,Maithili,Null,Health,Male,Siraha,37 Min 43 Sec,35
https://www.youtube.com/watch?v=DMF1ib4vzgw,Maithili,Null,Health,Male,Siraha,37 Min 43 Sec,35
https://www.youtube.com/watch?v=IpOHMTrjVsA,Maithili,Null,Health,Male,Siraha,37 Min 43 Sec,35
https://www.youtube.com/watch?v=uLT9Abiaow8,Maithili,Null,Health,Male,Siraha,37 Min 43 Sec,35
https://www.youtube.com/watch?v=Uh2iANkUzb8,Maithili,Null,Health,Male,Siraha,37 Min 43 Sec,35
https://www.youtube.com/watch?v=NgvWf1M6o_0,Maithili,Null,Health,Male,Siraha,37 Min 43 Sec,35
https://www.youtube.com/watch?v=tRPubkjR_xQ,Maithili,Null,Health,Male,Siraha,37 Min 43 Sec,35
https://www.youtube.com/watch?v=33iGvnJhzkc,Maithili,Null,General,Male,Bihar,1 Hr 36 Min 37 Sec,35
https://www.youtube.com/watch?v=UlA_CIJVF14,Maithili,Null,General,Male,Bihar,1 Hr 36 Min 37 Sec,35
https://www.youtube.com/watch?v=L3E-wlm0ZH8,Maithili,Null,General,Male,Bihar,1 Hr 36 Min 37 Sec,35
https://www.youtube.com/watch?v=svOg2DHAvE4,Maithili,Null,General,Male,Bihar,1 Hr 36 Min 37 Sec,35
https://www.youtube.com/watch?v=Ris6JAbK_8g,Maithili,Null,General,Male,Bihar,1 Hr 36 Min 37 Sec,35
https://www.youtube.com/watch?v=66gjwCCLQvQ,Maithili,Null,General,Male,Bihar,1 Hr 36 Min 37 Sec,35
https://www.youtube.com/watch?v=ovN_Udiy4Gw,Maithili,Null,General,Male,Bihar,1 Hr 36 Min 37 Sec,35
https://www.youtube.com/watch?v=TCQCoJtshZM,Maithili,Null,General,Female/Male,Bihar,16 Hr 9 Min 13 Sec,35
https://www.youtube.com/watch?v=iVU0z6Mr46I,Maithili,Null,General,Female/Male,Bihar,16 Hr 9 Min 13 Sec,35
https://www.youtube.com/watch?v=QfRGPMMJGRE,Maithili,Null,General,Female/Male,Bihar,16 Hr 9 Min 13 Sec,35
https://www.youtube.com/watch?v=CRm4C4Ht3xY,Maithili,Null,General,Female/Male,Bihar,16 Hr 9 Min 13 Sec,35
https://www.youtube.com/watch?v=XkFEeeBEqFU,Maithili,Null,General,Female/Male,Bihar,16 Hr 9 Min 13 Sec,35
https://www.youtube.com/watch?v=Q_2xZd2oFmY,Maithili,Null,General,Female/Male,Bihar,16 Hr 9 Min 13 Sec,35
https://www.youtube.com/watch?v=E4ziGZ6T8jY,Maithili,Null,General,Female/Male,Bihar,16 Hr 9 Min 13 Sec,35
https://www.youtube.com/watch?v=VuzZNMI6w24,Maithili,Null,General,Female/Male,Bihar,16 Hr 9 Min 13 Sec,35
https://www.youtube.com/watch?v=LcmNpSFoNf0,Maithili,Null,General,Female/Male,Bihar,16 Hr 9 Min 13 Sec,35
https://www.youtube.com/watch?v=dpZF61WWbu0,Maithili,Null,General,Female/Male,Bihar,16 Hr 9 Min 13 Sec,35
https://www.youtube.com/watch?v=s9nshpgk8k4,Maithili,Null,General,Female/Male,Bihar,16 Hr 9 Min 13 Sec,35
https://www.youtube.com/watch?v=_-uOe-Mxtw0,Maithili,Null,General,Female/Male,Bihar,16 Hr 9 Min 13 Sec,35
https://www.youtube.com/watch?v=O4mLjRqes9Y,Maithili,Null,General,Female/Male,Bihar,16 Hr 9 Min 13 Sec,35
https://www.youtube.com/watch?v=o9l3Eh_SwmA,Maithili,Null,General,Female/Male,Bihar,16 Hr 9 Min 13 Sec,35
https://www.youtube.com/watch?v=W9OAfazkA4U,Maithili,Null,General,Female/Male,Bihar,16 Hr 9 Min 13 Sec,35
https://www.youtube.com/watch?v=w6xvCk9sgig,Maithili,Null,General,Female/Male,Bihar,16 Hr 9 Min 13 Sec,35
https://www.youtube.com/watch?v=w9q7EsuK5BA,Maithili,Null,General,Female/Male,Bihar,16 Hr 9 Min 13 Sec,35
https://www.youtube.com/watch?v=2GGowVZawks,Maithili,Null,General,Female/Male,Bihar,16 Hr 9 Min 13 Sec,35
https://www.youtube.com/watch?v=vMOe7NiocAw,Maithili,Null,General,Female/Male,Bihar,16 Hr 9 Min 13 Sec,35
https://www.youtube.com/watch?v=Jcf9GC7y-pc,Maithili,Null,General,Female/Male,Bihar,16 Hr 9 Min 13 Sec,35
https://www.youtube.com/watch?v=HNlujpft4eg,Maithili,Null,General,Female/Male,Bihar,16 Hr 9 Min 13 Sec,35
https://www.youtube.com/watch?v=hHy0pirKg9k,Maithili,Null,General,Female/Male,Bihar,16 Hr 9 Min 13 Sec,35
https://www.youtube.com/watch?v=B01yEPBvDlw,Maithili,Null,General,Female/Male,Bihar,16 Hr 9 Min 13 Sec,35
https://www.youtube.com/watch?v=-rKEQ-as0JY,Maithili,Null,General,Female/Male,Bihar,16 Hr 9 Min 13 Sec,35
https://www.youtube.com/watch?v=FfkRMTv0ez4,Maithili,Null,General,Female/Male,Bihar,16 Hr 9 Min 13 Sec,35
https://www.youtube.com/watch?v=0cH60Hee-tI,Maithili,Null,General,Female/Male,Bihar,16 Hr 9 Min 13 Sec,35
https://www.youtube.com/watch?v=abPDydfqsKg,Maithili,Null,General,Female/Male,Bihar,16 Hr 9 Min 13 Sec,35
https://www.youtube.com/watch?v=giIzTfV0vOA,Maithili,Null,General,Female/Male,Bihar,16 Hr 9 Min 13 Sec,35
https://www.youtube.com/watch?v=fIbaE9F6Atk,Maithili,Null,General,Female/Male,Bihar,16 Hr 9 Min 13 Sec,35
https://www.youtube.com/watch?v=GE7ryc6xsRY,Maithili,Null,General,Female/Male,Bihar,16 Hr 9 Min 13 Sec,35
https://www.youtube.com/watch?v=A2MVICFXX1w,Maithili,Null,General,Female/Male,Bihar,16 Hr 9 Min 13 Sec,35
https://www.youtube.com/watch?v=dlUeD7sgFB4,Maithili,Null,General,Female/Male,Bihar,16 Hr 9 Min 13 Sec,35
https://www.youtube.com/watch?v=d0g0iSiMljg,Maithili,Null,General,Female/Male,Bihar,16 Hr 9 Min 13 Sec,35
https://www.youtube.com/watch?v=LQOMNnj4sLA,Maithili,Null,General,Female/Male,Bihar,16 Hr 9 Min 13 Sec,35
https://www.youtube.com/watch?v=P0Q7wvVBark,Maithili,Null,General,Female/Male,Bihar,16 Hr 9 Min 13 Sec,35
https://www.youtube.com/watch?v=UxImosZotS4,Maithili,Null,General,Female/Male,Bihar,16 Hr 9 Min 13 Sec,35
https://www.youtube.com/watch?v=mrTRSg4qtmA,Maithili,Null,General,Female/Male,Bihar,16 Hr 9 Min 13 Sec,35
https://www.youtube.com/watch?v=bjEFmKxDOuU,Maithili,Null,General,Female/Male,Bihar,16 Hr 9 Min 13 Sec,35
https://www.youtube.com/watch?v=2XcpEJvMXfQ,Maithili,Null,General,Female/Male,Bihar,16 Hr 9 Min 13 Sec,35
https://www.youtube.com/watch?v=5l3TE0HW7ts,Maithili,Null,General,Female/Male,Bihar,16 Hr 9 Min 13 Sec,35
https://www.youtube.com/watch?v=qG34aPT0JEI,Maithili,Null,General,Female/Male,Bihar,16 Hr 9 Min 13 Sec,35
https://www.youtube.com/watch?v=Xi7NyA_DaeM,Maithili,Null,General,Female/Male,Bihar,16 Hr 9 Min 13 Sec,35
https://www.youtube.com/watch?v=24_1i5wi0YE,Maithili,Null,General,Female/Male,Bihar,16 Hr 9 Min 13 Sec,35
https://www.youtube.com/watch?v=9TpS204k10A,Maithili,Null,General,Female/Male,Bihar,16 Hr 9 Min 13 Sec,35
https://www.youtube.com/watch?v=tVJw2K9rhTU,Maithili,Null,General,Female/Male,Bihar,16 Hr 9 Min 13 Sec,35
https://www.youtube.com/watch?v=QPhjIYE1E9c,Maithili,Null,General,Female/Male,Bihar,16 Hr 9 Min 13 Sec,35
https://www.youtube.com/watch?v=QfSs-Hw-jag,Maithili,Null,General,Female/Male,Bihar,16 Hr 9 Min 13 Sec,35
https://www.youtube.com/watch?v=vxfgG1FBFLo,Maithili,Null,General,Female/Male,Bihar,16 Hr 9 Min 13 Sec,35
https://www.youtube.com/watch?v=rwqycf5ES1c,Maithili,Null,General,Female/Male,Bihar,16 Hr 9 Min 13 Sec,35
https://www.youtube.com/watch?v=4kGwNZHpBXc,Maithili,Null,General,Female/Male,Bihar,16 Hr 9 Min 13 Sec,35
https://www.youtube.com/watch?v=SMlzPGz6iCs,Maithili,Null,General,Female/Male,Bihar,16 Hr 9 Min 13 Sec,35
https://www.youtube.com/watch?v=DsxpAPlMSbI,Maithili,Null,General,Female/Male,Bihar,16 Hr 9 Min 13 Sec,35
https://www.youtube.com/watch?v=fYjsIH9e1wk,Maithili,Null,General,Female/Male,Bihar,16 Hr 9 Min 13 Sec,35
https://www.youtube.com/watch?v=e5Zhd9bKoRw,Maithili,Null,General,Female/Male,Bihar,16 Hr 9 Min 13 Sec,35
https://www.youtube.com/watch?v=QeyzafsNwmI,Maithili,Null,General,Female/Male,Bihar,16 Hr 9 Min 13 Sec,35
https://www.youtube.com/watch?v=6UshsU4VMvM,Maithili,Null,General,Female/Male,Bihar,16 Hr 9 Min 13 Sec,35
https://www.youtube.com/watch?v=wnq2zfNu4fI,Maithili,Null,General,Female/Male,Bihar,16 Hr 9 Min 13 Sec,35
https://www.youtube.com/watch?v=Ctmp6rbTJ3s,Maithili,Null,General,Female/Male,Bihar,16 Hr 9 Min 13 Sec,35
https://www.youtube.com/watch?v=0g-qJilcMrQ,Maithili,Null,General,Female/Male,Bihar,16 Hr 9 Min 13 Sec,35
https://www.youtube.com/watch?v=2S7DTZzoevI,Maithili,Null,General,Female/Male,Bihar,16 Hr 9 Min 13 Sec,35
https://www.youtube.com/watch?v=YyfZBulP0G4,Maithili,Null,General,Female/Male,Bihar,16 Hr 9 Min 13 Sec,35
https://www.youtube.com/watch?v=Wi9alAOoC1c,Maithili,Null,General,Female/Male,Bihar,16 Hr 9 Min 13 Sec,35
https://www.youtube.com/watch?v=P7_pzlMtmUE,Maithili,Null,General,Female/Male,Bihar,16 Hr 9 Min 13 Sec,35
https://www.youtube.com/watch?v=d5PUORyZrvQ,Maithili,Null,General,Female/Male,Bihar,16 Hr 9 Min 13 Sec,35
https://www.youtube.com/watch?v=qUu0fQZq8r8,Maithili,Null,General,Female/Male,Bihar,16 Hr 9 Min 13 Sec,35
https://www.youtube.com/watch?v=SdpavISthrw,Maithili,Null,General,Female/Male,Bihar,16 Hr 9 Min 13 Sec,35
https://www.youtube.com/watch?v=2QU-niSmCMQ,Maithili,Null,General,Female/Male,Bihar,16 Hr 9 Min 13 Sec,35
https://www.youtube.com/watch?v=WH68sUL2mVA,Maithili,Null,General,Female/Male,Bihar,16 Hr 9 Min 13 Sec,35
https://www.youtube.com/watch?v=3loJhyiBON8,Maithili,Null,General,Female/Male,Bihar,16 Hr 9 Min 13 Sec,35
https://www.youtube.com/watch?v=O3zS1jNtTYQ,Maithili,Null,General,Female/Male,Bihar,16 Hr 9 Min 13 Sec,35
https://www.youtube.com/watch?v=AqyH3RHFP04,Maithili,Null,General,Female/Male,Bihar,16 Hr 9 Min 13 Sec,35
https://www.youtube.com/watch?v=a4hf77KjoUs,Maithili,Null,General,Female/Male,Bihar,16 Hr 9 Min 13 Sec,35
https://www.youtube.com/watch?v=IDUgWynvyFg,Maithili,Null,General,Female/Male,Bihar,16 Hr 9 Min 13 Sec,35
https://www.youtube.com/watch?v=FxN1QUbdGfM,Maithili,Null,General,Female/Male,Bihar,16 Hr 9 Min 13 Sec,35
https://www.youtube.com/watch?v=xeforj-O9vw,Maithili,Null,General,Female/Male,Bihar,16 Hr 9 Min 13 Sec,35
https://www.youtube.com/watch?v=8ge9UrKPfIg,Maithili,Null,General,Female/Male,Bihar,16 Hr 9 Min 13 Sec,35
https://www.youtube.com/watch?v=qG3mXmnfDg0,Maithili,Null,General,Female/Male,Bihar,16 Hr 9 Min 13 Sec,35
https://www.youtube.com/watch?v=IIV-rTu9FSY,Maithili,Null,General,Female/Male,Bihar,16 Hr 9 Min 13 Sec,35
https://www.youtube.com/watch?v=vmLhXt6zsIg,Maithili,Null,General,Female/Male,Bihar,16 Hr 9 Min 13 Sec,35
https://www.youtube.com/watch?v=J56FfeNEvPo,Maithili,Null,General,Female/Male,Bihar,16 Hr 9 Min 13 Sec,35
https://www.youtube.com/watch?v=ITt1dNnFlyw,Maithili,Null,General,Female/Male,Bihar,16 Hr 9 Min 13 Sec,35
https://www.youtube.com/watch?v=aOzSjunMWfw,Maithili,Null,General,Female/Male,Bihar,16 Hr 9 Min 13 Sec,35
https://www.youtube.com/watch?v=opJ6AQf85gE,Maithili,Null,General,Female/Male,Bihar,16 Hr 9 Min 13 Sec,35
https://www.youtube.com/watch?v=IFWa1fteeiY,Maithili,Null,General,Female/Male,Bihar,16 Hr 9 Min 13 Sec,35
https://www.youtube.com/watch?v=stwpUnHYgcc,Maithili,Null,General,Female/Male,Bihar,16 Hr 9 Min 13 Sec,35
https://www.youtube.com/watch?v=fpt1d1pb_zo,Maithili,Null,General,Female/Male,Bihar,16 Hr 9 Min 13 Sec,35
https://www.youtube.com/watch?v=mpBAF83SUZs,Maithili,Null,General,Female/Male,Bihar,16 Hr 9 Min 13 Sec,35
https://www.youtube.com/watch?v=X2fs2aZ8sC4,Maithili,Null,General,Female/Male,Bihar,16 Hr 9 Min 13 Sec,35
https://www.youtube.com/watch?v=2sNVCqcQ1oI,Maithili,Null,General,Female/Male,Bihar,16 Hr 9 Min 13 Sec,35
https://www.youtube.com/watch?v=uZzvDwsvDrc,Maithili,Null,General,Female/Male,Bihar,16 Hr 9 Min 13 Sec,35
https://www.youtube.com/watch?v=38sJlHfNHOQ,Maithili,Null,General,Female/Male,Bihar,16 Hr 9 Min 13 Sec,35
https://www.youtube.com/watch?v=ztBaXstpUC0,Maithili,Null,General,Female/Male,Bihar,16 Hr 9 Min 13 Sec,35
https://www.youtube.com/watch?v=H8rjLRzXLAY,Maithili,Null,General,Female/Male,Bihar,16 Hr 9 Min 13 Sec,35
https://www.youtube.com/watch?v=0P_I4RNG5Xk,Maithili,Null,General,Female/Male,Bihar,16 Hr 9 Min 13 Sec,35
https://www.youtube.com/watch?v=xr-Bvcb6Fc8,Maithili,Null,General,Female/Male,Bihar,16 Hr 9 Min 13 Sec,35
https://www.youtube.com/watch?v=5sSqrOmRBbI,Maithili,Null,General,Female/Male,Bihar,16 Hr 9 Min 13 Sec,35
https://www.youtube.com/watch?v=8sWefJ2Bmuc,Maithili,Null,General,Female/Male,Bihar,16 Hr 9 Min 13 Sec,35
https://www.youtube.com/watch?v=uujHqYf0y7o,Maithili,Null,General,Female/Male,Bihar,16 Hr 9 Min 13 Sec,35
https://www.youtube.com/watch?v=-dI9p8HQixE,Maithili,Null,General,Female/Male,Bihar,16 Hr 9 Min 13 Sec,35
https://www.youtube.com/watch?v=ewsKSVEn2gA,Maithili,Null,General,Female/Male,Bihar,16 Hr 9 Min 13 Sec,35
https://www.youtube.com/watch?v=6Oqad8_Rj-w,Maithili,Null,General,Female/Male,Bihar,16 Hr 9 Min 13 Sec,35
https://www.youtube.com/watch?v=Ebh5xvihMx4,Maithili,Null,General,Female/Male,Bihar,16 Hr 9 Min 13 Sec,35
https://www.youtube.com/watch?v=ZjGQff1A-L8,Maithili,Null,General,Female/Male,Bihar,16 Hr 9 Min 13 Sec,35
https://www.youtube.com/watch?v=IJRbVLk3zeo,Maithili,Null,General,Female/Male,Bihar,16 Hr 9 Min 13 Sec,35
https://www.youtube.com/watch?v=fJMfsmkgeD4,Maithili,Null,General,Female/Male,Bihar,16 Hr 9 Min 13 Sec,35
https://www.youtube.com/watch?v=HX01SmT1rF8,Maithili,Null,General,Female/Male,Bihar,16 Hr 9 Min 13 Sec,35
https://www.youtube.com/watch?v=eNnswq40DRY,Maithili,Null,General,Female/Male,Bihar,16 Hr 9 Min 13 Sec,35
https://www.youtube.com/watch?v=tuZslZvTjaE,Maithili,Null,General,Female/Male,Bihar,16 Hr 9 Min 13 Sec,35
https://www.youtube.com/watch?v=ojUjpfmO_VE,Maithili,Null,General,Female/Male,Bihar,16 Hr 9 Min 13 Sec,35
https://www.youtube.com/watch?v=hcBQNQ1SW1Y,Maithili,Null,General,Female/Male,Bihar,16 Hr 9 Min 13 Sec,35
https://www.youtube.com/watch?v=SUWkbQ13W7E,Maithili,Null,General,Female/Male,Bihar,16 Hr 9 Min 13 Sec,35
https://www.youtube.com/watch?v=L1LMfm8y46k,Maithili,Null,General,Female/Male,Bihar,16 Hr 9 Min 13 Sec,35
https://www.youtube.com/watch?v=AZ7tngCYnj0,Maithili,Null,General,Female/Male,Bihar,16 Hr 9 Min 13 Sec,35
https://www.youtube.com/watch?v=87VzJdbgG4Y,Maithili,Null,General,Female/Male,Bihar,16 Hr 9 Min 13 Sec,35
https://www.youtube.com/watch?v=kKBXYgFlzXM,Maithili,Null,General,Female/Male,Bihar,16 Hr 9 Min 13 Sec,35
https://www.youtube.com/watch?v=FkCQmdCUKKs,Maithili,Null,General,Female/Male,Bihar,16 Hr 9 Min 13 Sec,35
https://www.youtube.com/watch?v=y-zPAgdBRP8,Maithili,Null,General,Female/Male,Bihar,16 Hr 9 Min 13 Sec,35
https://www.youtube.com/watch?v=KCMb4XAbung,Maithili,Null,General,Female/Male,Bihar,16 Hr 9 Min 13 Sec,35
https://www.youtube.com/watch?v=oLQihNigFl4,Maithili,Null,General,Female/Male,Bihar,16 Hr 9 Min 13 Sec,35
https://www.youtube.com/watch?v=T4GV9m_czmk,Maithili,Null,General,Female/Male,Bihar,16 Hr 9 Min 13 Sec,35
https://www.youtube.com/watch?v=hfN8irDlpPQ,Maithili,Null,General,Female/Male,Bihar,16 Hr 9 Min 13 Sec,35
https://www.youtube.com/watch?v=DIEDRhEmyks,Maithili,Null,General,Female/Male,Bihar,16 Hr 9 Min 13 Sec,35
https://www.youtube.com/watch?v=q8dXzF4rxF0,Maithili,Null,General,Female/Male,Bihar,16 Hr 9 Min 13 Sec,35
https://www.youtube.com/watch?v=SN4V-LxfGhk,Maithili,Null,General,Female/Male,Bihar,16 Hr 9 Min 13 Sec,35
https://www.youtube.com/watch?v=EDtX0oIHyWY,Maithili,Null,General,Female/Male,Bihar,16 Hr 9 Min 13 Sec,35
https://www.youtube.com/watch?v=9b9CtoYKcGE,Maithili,Null,General,Female/Male,Bihar,16 Hr 9 Min 13 Sec,35
https://www.youtube.com/watch?v=q-IivgJ427Q,Maithili,Null,General,Female/Male,Bihar,16 Hr 9 Min 13 Sec,35
https://www.youtube.com/watch?v=0gXun-RWwCg,Maithili,Null,General,Female/Male,Bihar,16 Hr 9 Min 13 Sec,35
https://www.youtube.com/watch?v=RXqxbHaDJDY,Maithili,Null,General,Female/Male,Bihar,16 Hr 9 Min 13 Sec,35
https://www.youtube.com/watch?v=b2RPqryvjrQ,Maithili,Null,General,Female/Male,Bihar,16 Hr 9 Min 13 Sec,35
https://www.youtube.com/watch?v=20YwLoMXwkE,Maithili,Null,General,Female/Male,Bihar,16 Hr 9 Min 13 Sec,35
https://www.youtube.com/watch?v=C-uNUuIbs2U,Maithili,Null,General,Female/Male,Bihar,16 Hr 9 Min 13 Sec,35
https://www.youtube.com/watch?v=SD9x-Opn2ak,Maithili,Null,General,Female/Male,Bihar,16 Hr 9 Min 13 Sec,35
https://www.youtube.com/watch?v=4rxuPVYROf8,Maithili,Null,General,Female/Male,Bihar,16 Hr 9 Min 13 Sec,35
https://www.youtube.com/watch?v=0OXg_YlsBYo,Maithili,Null,General,Female/Male,Bihar,16 Hr 9 Min 13 Sec,35
https://www.youtube.com/watch?v=fRwjRurDuLY,Maithili,Null,General,Female/Male,Bihar,16 Hr 9 Min 13 Sec,35
https://www.youtube.com/watch?v=4L0mW5rCuS0,Maithili,Null,General,Female/Male,Bihar,16 Hr 9 Min 13 Sec,35
https://www.youtube.com/watch?v=D8yQM9lAWlo,Maithili,Null,General,Female/Male,Bihar,16 Hr 9 Min 13 Sec,35
https://www.youtube.com/watch?v=Z9av5ND0ONc,Maithili,Null,General,Female/Male,Bihar,16 Hr 9 Min 13 Sec,35
https://www.youtube.com/watch?v=rBylCLoh4PU,Maithili,Null,General,Female/Male,Bihar,16 Hr 9 Min 13 Sec,35
https://www.youtube.com/watch?v=a9tOYdVo19c,Maithili,Null,General,Female/Male,Bihar,16 Hr 9 Min 13 Sec,35
https://www.youtube.com/watch?v=6rkNRblKq-0,Maithili,Null,General,Female/Male,Bihar,16 Hr 9 Min 13 Sec,35
https://www.youtube.com/watch?v=sS4gwzfhRy8,Maithili,Null,General,Female/Male,Bihar,16 Hr 9 Min 13 Sec,35
https://www.youtube.com/watch?v=8erGYuZzW8w,Maithili,Null,General,Female/Male,Bihar,16 Hr 9 Min 13 Sec,35
https://www.youtube.com/watch?v=dPDaRLzedsE,Maithili,Null,General,Female/Male,Bihar,16 Hr 9 Min 13 Sec,35
https://www.youtube.com/watch?v=__VC0kVz_tk,Maithili,Null,General,Female/Male,Bihar,16 Hr 9 Min 13 Sec,35
https://www.youtube.com/watch?v=mVGSzxoOwxo,Maithili,Null,General,Female/Male,Bihar,16 Hr 9 Min 13 Sec,35
https://www.youtube.com/watch?v=cVxmZEgf4tc,Maithili,Null,General,Female/Male,Bihar,16 Hr 9 Min 13 Sec,35
https://www.youtube.com/watch?v=nIIHJYVS3CA,Maithili,Null,General,Female/Male,Bihar,16 Hr 9 Min 13 Sec,35
https://www.youtube.com/watch?v=Js8kNvA5Z0I,Maithili,Null,General,Female/Male,Bihar,16 Hr 9 Min 13 Sec,35
https://www.youtube.com/watch?v=w_dGOM0JmKM,Maithili,Null,General,Female/Male,Bihar,16 Hr 9 Min 13 Sec,35
https://www.youtube.com/watch?v=ESr70Q7Wh2w,Maithili,Null,General,Female/Male,Bihar,16 Hr 9 Min 13 Sec,35
https://www.youtube.com/watch?v=bSDYwA3fJpM,Maithili,Null,General,Female/Male,Bihar,16 Hr 9 Min 13 Sec,35
https://www.youtube.com/watch?v=rkLbA9HNE0I,Maithili,Null,General,Female/Male,Bihar,16 Hr 9 Min 13 Sec,35
https://www.youtube.com/watch?v=7Ve95PUZ7XA,Maithili,Null,General,Female/Male,Bihar,16 Hr 9 Min 13 Sec,35
https://www.youtube.com/watch?v=urtrDYhd9Dc,Maithili,Null,General,Female/Male,Bihar,16 Hr 9 Min 13 Sec,35
https://www.youtube.com/watch?v=50Gc_ZSeZJ4,Maithili,Null,General,Female/Male,Bihar,16 Hr 9 Min 13 Sec,35
https://www.youtube.com/watch?v=JoXx9wRONCQ,Maithili,Null,General,Female/Male,Bihar,16 Hr 9 Min 13 Sec,35
https://www.youtube.com/watch?v=Y6E9L3gR6mA,Maithili,Null,General,Female/Male,Bihar,16 Hr 9 Min 13 Sec,35
https://www.youtube.com/watch?v=YGf-Xsixjpc,Maithili,Null,General,Female/Male,Bihar,16 Hr 9 Min 13 Sec,35
https://www.youtube.com/watch?v=Axwwy8G5ynw,Maithili,Null,General,Female/Male,Bihar,16 Hr 9 Min 13 Sec,35
https://www.youtube.com/watch?v=YX_0Cr-Xoqc,Maithili,Null,General,Female/Male,Bihar,16 Hr 9 Min 13 Sec,35
https://www.youtube.com/watch?v=nqLtOpszTJ4,Maithili,Null,General,Female/Male,Bihar,16 Hr 9 Min 13 Sec,35
https://www.youtube.com/watch?v=frAuNz2QP9g,Maithili,Null,General,Female/Male,Bihar,16 Hr 9 Min 13 Sec,35
https://www.youtube.com/watch?v=rc9nydvKEAo,Maithili,Null,General,Female/Male,Bihar,16 Hr 9 Min 13 Sec,35
https://www.youtube.com/watch?v=nbQ9TU9nQSg,Maithili,Null,General,Female/Male,Bihar,16 Hr 9 Min 13 Sec,35
https://www.youtube.com/watch?v=TS0rlc5cMHc,Maithili,Null,General,Female/Male,Bihar,16 Hr 9 Min 13 Sec,35
https://www.youtube.com/watch?v=mMBl9C7ZGYc,Maithili,Null,General,Female/Male,Bihar,16 Hr 9 Min 13 Sec,35
https://www.youtube.com/watch?v=y4Tm7Kxz1LQ,Maithili,Null,General,Female/Male,Bihar,16 Hr 9 Min 13 Sec,35
https://www.youtube.com/watch?v=Ekv2QwkOlx0,Maithili,Null,General,Female/Male,Bihar,16 Hr 9 Min 13 Sec,35
https://www.youtube.com/watch?v=-UWUscxlkcs,Maithili,Null,General,Male,Bihar,5 hr 40 min 38 sec,35
https://www.youtube.com/watch?v=CZwNmQt9JGA,Maithili,Null,General,Male,Bihar,5 hr 40 min 38 sec,35
https://www.youtube.com/watch?v=1QhxG-5T_KA,Maithili,Null,General,Male,Bihar,5 hr 40 min 38 sec,35
https://www.youtube.com/watch?v=JajiZ_SHhFo,Maithili,Null,General,Male,Bihar,5 hr 40 min 38 sec,35
https://www.youtube.com/watch?v=VEJGZBjbuzs,Maithili,Null,General,Male,Bihar,5 hr 40 min 38 sec,35
https://www.youtube.com/watch?v=4jHdTVOdViA,Maithili,Null,General,Male,Bihar,5 hr 40 min 38 sec,35
https://www.youtube.com/watch?v=uFgqzBQz3f0,Maithili,Null,General,Male,Bihar,5 hr 40 min 38 sec,35
https://www.youtube.com/watch?v=TxllS_wK4rU,Maithili,Null,General,Male,Bihar,5 hr 40 min 38 sec,35
https://www.youtube.com/watch?v=qfELaKss8-Q,Maithili,Null,General,Male,Bihar,5 hr 40 min 38 sec,35
https://www.youtube.com/watch?v=xB5QhYaNuDQ,Maithili,Null,General,Male,Bihar,5 hr 40 min 38 sec,35
https://www.youtube.com/watch?v=fBGudrk2n3Y,Maithili,Null,General,Male,Bihar,5 hr 40 min 38 sec,35
https://www.youtube.com/watch?v=B_CrdS7jdFI,Maithili,Null,General,Male,Bihar,5 hr 40 min 38 sec,35
https://www.youtube.com/watch?v=MJdPCThTNMw,Maithili,Null,General,Male,Bihar,5 hr 40 min 38 sec,35
https://www.youtube.com/watch?v=iTYghWzKtwA,Maithili,Null,General,Male,Bihar,5 hr 40 min 38 sec,35
https://www.youtube.com/watch?v=wj87bOow-QQ,Maithili,Null,General,Male,Bihar,5 hr 40 min 38 sec,35
https://www.youtube.com/watch?v=R9ZTfTrysWs,Maithili,Null,General,Male,Bihar,5 hr 40 min 38 sec,35
https://www.youtube.com/watch?v=jn8AzBBk3Kg,Maithili,Null,General,Male,Bihar,5 hr 40 min 38 sec,35
https://www.youtube.com/watch?v=Q57GJjwci1M,Maithili,Null,General,Male,Bihar,5 hr 40 min 38 sec,35
https://www.youtube.com/watch?v=7Jurgyih92I,Maithili,Null,General,Male,Bihar,5 hr 40 min 38 sec,35
https://www.youtube.com/watch?v=2ciZn0crFdo,Maithili,Null,General,Male,Bihar,5 hr 40 min 38 sec,35
https://www.youtube.com/watch?v=CzlXElWOLMo,Maithili,Null,General,Male,Bihar,5 hr 40 min 38 sec,35
https://www.youtube.com/watch?v=uH3PmzY0cNs,Maithili,Null,General,Male,Bihar,5 hr 40 min 38 sec,35
https://www.youtube.com/watch?v=aAo0Nc_XZtk,Maithili,Null,General,Male,Bihar,5 hr 40 min 38 sec,35
https://www.youtube.com/watch?v=e6PQejeV3O4,Maithili,Null,General,Male,Bihar,5 hr 40 min 38 sec,35
https://www.youtube.com/watch?v=5-DDmJ5FP3c,Maithili,Null,General,Male,Bihar,5 hr 40 min 38 sec,35
https://www.youtube.com/watch?v=sqjsr4FpjVE,Maithili,Null,General,Male,Bihar,5 hr 40 min 38 sec,35
https://www.youtube.com/watch?v=SW7ffNhRnWQ,Maithili,Null,General,Male,Bihar,5 hr 40 min 38 sec,35
https://www.youtube.com/watch?v=jwkLGiYYoOM,Maithili,Null,General,Male,Bihar,5 hr 40 min 38 sec,35
https://www.youtube.com/watch?v=6arrEAnWmZM,Maithili,Null,General,Male,Bihar,5 hr 40 min 38 sec,35
https://www.youtube.com/watch?v=2E37BlTW9u4,Maithili,Null,General,Male,Bihar,5 hr 40 min 38 sec,35
https://www.youtube.com/watch?v=gAL3cL59vDk,Maithili,Null,General,Male,Bihar,5 hr 40 min 38 sec,35
https://www.youtube.com/watch?v=jhmMje6zyP0,Maithili,Null,General,Male,Bihar,5 hr 40 min 38 sec,35
https://www.youtube.com/watch?v=W0UVHbubNy8,Maithili,Null,General,Male,Bihar,5 hr 40 min 38 sec,35
https://www.youtube.com/watch?v=ZJP5WoocyVU,Maithili,Null,General,Male,Bihar,5 hr 40 min 38 sec,35
https://www.youtube.com/watch?v=PR3Ca9om3JE,Maithili,Null,General,Male,Bihar,5 hr 40 min 38 sec,35
https://www.youtube.com/watch?v=-0UNKhyl3_8,Maithili,Null,General,Male,Bihar,4 hr 46 min 24 sec,35
https://www.youtube.com/watch?v=Bhbf-t80Etg,Maithili,Null,General,Male,Bihar,4 hr 46 min 24 sec,35
https://www.youtube.com/watch?v=WkjMOp3R5XI,Maithili,Null,General,Male,Bihar,4 hr 46 min 24 sec,35
https://www.youtube.com/watch?v=TSMaXxFQCpE,Maithili,Null,General,Male,Bihar,4 hr 46 min 24 sec,35
https://www.youtube.com/watch?v=4uoQFgO9pKo,Maithili,Null,General,Male,Bihar,4 hr 46 min 24 sec,35
https://www.youtube.com/watch?v=pbDcAAZD9BQ,Maithili,Null,General,Male,Bihar,4 hr 46 min 24 sec,35
https://www.youtube.com/watch?v=OF7ItihnV-0,Maithili,Null,General,Male,Bihar,4 hr 46 min 24 sec,35
https://www.youtube.com/watch?v=CANGBNJHvAg,Maithili,Null,General,Male,Bihar,4 hr 46 min 24 sec,35
https://www.youtube.com/watch?v=0orHN4ADKYQ,Maithili,Null,General,Male,Bihar,4 hr 46 min 24 sec,35
https://www.youtube.com/watch?v=ymwXx3hnMJY,Maithili,Null,General,Male,Bihar,4 hr 46 min 24 sec,35
https://www.youtube.com/watch?v=058McXoRph4,Maithili,Null,General,Male,Bihar,4 hr 46 min 24 sec,35
https://www.youtube.com/watch?v=Ya9yfCCzs50,Maithili,Null,General,Male,Bihar,4 hr 46 min 24 sec,35
https://www.youtube.com/watch?v=TGXw1sm_WPY,Maithili,Null,General,Male,Bihar,4 hr 46 min 24 sec,35
https://www.youtube.com/watch?v=FPVBflmLaTw,Maithili,Null,General,Male,Bihar,4 hr 46 min 24 sec,35
https://www.youtube.com/watch?v=-Jtlk473aJA,Maithili,Null,General,Male,Bihar,4 hr 46 min 24 sec,35
https://www.youtube.com/watch?v=l3pNsqlO3KU,Maithili,Null,General,Male,Bihar,4 hr 46 min 24 sec,35
https://www.youtube.com/watch?v=yNcKFOzBH5E,Maithili,Null,General,Male,Bihar,4 hr 46 min 24 sec,35
https://www.youtube.com/watch?v=fNLq6Ew195M,Maithili,Null,General,Male,Bihar,4 hr 46 min 24 sec,35
https://www.youtube.com/watch?v=nivFL_GnAX4,Maithili,Null,General,Male,Bihar,4 hr 46 min 24 sec,35
https://www.youtube.com/watch?v=_Pvfo4iqy5A,Maithili,Null,General,Male,Bihar,4 hr 46 min 24 sec,35
https://www.youtube.com/watch?v=NkWkjdxHYEY,Maithili,Null,General,Male,Bihar,4 hr 46 min 24 sec,35
https://www.youtube.com/watch?v=M2O4l5B3kIs,Maithili,Null,General,Male,Bihar,4 hr 46 min 24 sec,35
https://www.youtube.com/watch?v=nUeLCtw78vE,Maithili,Null,General,Male,Bihar,4 hr 46 min 24 sec,35
https://www.youtube.com/watch?v=FjfRJLrflrI,Maithili,Null,General,Male,Bihar,4 hr 46 min 24 sec,35
https://www.youtube.com/watch?v=uavmm_LkYsE,Maithili,Null,General,Male,Bihar,4 hr 46 min 24 sec,35
https://www.youtube.com/watch?v=lIDNSjUSDcI,Maithili,Null,General,Male,Bihar,4 hr 46 min 24 sec,35
https://www.youtube.com/watch?v=CGQ68uRcHsU,Maithili,Null,General,Male,Bihar,4 hr 46 min 24 sec,35
https://www.youtube.com/watch?v=FzqtyGbctas,Maithili,Null,General,Male,Bihar,4 hr 46 min 24 sec,35
https://www.youtube.com/watch?v=VcPO6TmImAQ,Maithili,Null,General,Male,Bihar,4 hr 46 min 24 sec,35
https://www.youtube.com/watch?v=SqNy5Viwk6Y,Maithili,Null,General,Male,Bihar,4 hr 46 min 24 sec,35
https://www.youtube.com/watch?v=_hE07zBPmKI,Maithili,Null,General,Male,Bihar,4 hr 46 min 24 sec,35
https://www.youtube.com/watch?v=WXz6D-Sh4WI,Maithili,Null,General,Male,Bihar,4 hr 46 min 24 sec,35
https://www.youtube.com/watch?v=Hck0NcO2jmU,Maithili,Null,General,Male,Bihar,4 hr 46 min 24 sec,35
https://www.youtube.com/watch?v=9H0j-3dqdik,Maithili,Null,General,Male,Bihar,4 hr 46 min 24 sec,35
https://www.youtube.com/watch?v=CJFVeWamV5E,Maithili,Null,General,Male,Bihar,4 hr 46 min 24 sec,35
https://www.youtube.com/watch?v=ASDf1wq08mI,Maithili,Null,General,Male,Bihar,4 hr 46 min 24 sec,35
https://www.youtube.com/watch?v=1EQHt7FZw8o,Maithili,Null,General,Male,Bihar,4 hr 46 min 24 sec,35
https://www.youtube.com/watch?v=s_C7xWtx1-A,Maithili,Null,General,Male,Bihar,4 hr 46 min 24 sec,35
https://www.youtube.com/watch?v=wuISs4Hqw64,Maithili,Null,General,Male,Bihar,4 hr 46 min 24 sec,35
https://www.youtube.com/watch?v=_hvPeWB9cNY,Maithili,Null,General,Male,Bihar,4 hr 46 min 24 sec,35
https://www.youtube.com/watch?v=MeFqpi9qjXQ,Maithili,Null,General,Male,Bihar,4 hr 46 min 24 sec,35
https://www.youtube.com/watch?v=J3XHrJBTs70,Maithili,Null,General,Male,Bihar,4 hr 46 min 24 sec,35
https://www.youtube.com/watch?v=ei9GYmNcLXI,Maithili,Null,General,Male,Bihar,4 hr 46 min 24 sec,35
https://www.youtube.com/watch?v=G27Xydz4-bU,Maithili,Null,General,Male,Bihar,4 hr 46 min 24 sec,35
https://www.youtube.com/watch?v=VYV8Z7Vjbms,Maithili,Null,General,Male,Bihar,4 hr 46 min 24 sec,35
https://www.youtube.com/watch?v=QeB4LSrtcFY,Maithili,Null,General,Male,Bihar,4 hr 46 min 24 sec,35
https://www.youtube.com/watch?v=Rtm3ZmLnjfI,Maithili,Null,General,Male,Bihar,4 hr 46 min 24 sec,35
https://www.youtube.com/watch?v=lcuatozHoFM,Maithili,Null,General,Male,Bihar,4 hr 46 min 24 sec,35
https://www.youtube.com/watch?v=fNSN_ymk4xs,Maithili,Null,General,Male,Bihar,4 hr 46 min 24 sec,35
https://www.youtube.com/watch?v=BKlbRPqS2dQ,Maithili,Null,General,Male,Bihar,4 hr 46 min 24 sec,35
https://www.youtube.com/watch?v=AI_PVGzCMaE,Maithili,Null,General,Male,Bihar,4 hr 46 min 24 sec,35
https://www.youtube.com/watch?v=KRDlMHlFR48,Maithili,Null,General,Male,Bihar,4 hr 46 min 24 sec,35
https://www.youtube.com/watch?v=EejlqoJXPg8,Maithili,Null,General,Male,Bihar,4 hr 46 min 24 sec,35
https://www.youtube.com/watch?v=OIjfdmu255w,Maithili,Null,General,Male,Bihar,4 hr 46 min 24 sec,35
https://www.youtube.com/watch?v=DsBsPh4k3Ts,Maithili,Null,General,Male,Bihar,4 hr 46 min 24 sec,35
https://www.youtube.com/watch?v=Y9T_6DgYKxQ,Maithili,Null,General,Male,Bihar,4 hr 46 min 24 sec,35
https://www.youtube.com/watch?v=n9S2xVBF500,Maithili,Null,General,Male,Bihar,4 hr 46 min 24 sec,35
https://www.youtube.com/watch?v=KCCC8vL2NPk,Maithili,Null,General,Male,Bihar,4 hr 46 min 24 sec,35
https://www.youtube.com/watch?v=-GyhJp5FsOI,Maithili,Null,General,Male,Bihar,4 hr 46 min 24 sec,35
https://www.youtube.com/watch?v=NvzRvNT2dEk,Maithili,Null,General,Male,Bihar,4 hr 46 min 24 sec,35
https://www.youtube.com/watch?v=1_Pd8llwXYE,Maithili,Null,General,Female,Mahottari,5 Days 8 Hr 48 min 12 Sec,40
https://www.youtube.com/watch?v=5EFu1y3yIJU,Maithili,Null,General,Female,Mahottari,5 Days 8 Hr 48 min 12 Sec,40
https://www.youtube.com/watch?v=ZbB6zX9fR_E,Maithili,Null,General,Female,Mahottari,5 Days 8 Hr 48 min 12 Sec,40
https://www.youtube.com/watch?v=bpv9PH4zkfw,Maithili,Null,General,Female,Mahottari,5 Days 8 Hr 48 min 12 Sec,40
https://www.youtube.com/watch?v=Mqec8xe5sHo,Maithili,Null,General,Female,Mahottari,5 Days 8 Hr 48 min 12 Sec,40
https://www.youtube.com/watch?v=bK39spqzcGo,Maithili,Null,General,Female,Mahottari,5 Days 8 Hr 48 min 12 Sec,40
https://www.youtube.com/watch?v=7B6s0dfgEbk,Maithili,Null,General,Female,Mahottari,5 Days 8 Hr 48 min 12 Sec,40
https://www.youtube.com/watch?v=jgy7Ccpvi_Y,Maithili,Null,General,Female,Mahottari,5 Days 8 Hr 48 min 12 Sec,40
https://www.youtube.com/watch?v=_d8-db0qfWk,Maithili,Null,General,Female,Mahottari,5 Days 8 Hr 48 min 12 Sec,40
https://www.youtube.com/watch?v=T8Z5SubvsqM,Maithili,Null,General,Female,Mahottari,5 Days 8 Hr 48 min 12 Sec,40
https://www.youtube.com/watch?v=wgR9RHA15Ac,Maithili,Null,General,Female,Mahottari,5 Days 8 Hr 48 min 12 Sec,40
https://www.youtube.com/watch?v=qW91bVakipA,Maithili,Null,General,Female,Mahottari,5 Days 8 Hr 48 min 12 Sec,40
https://www.youtube.com/watch?v=zAZsedd-RpU,Maithili,Null,General,Female,Mahottari,5 Days 8 Hr 48 min 12 Sec,40
https://www.youtube.com/watch?v=teQDcwnz2Gs,Maithili,Null,General,Female,Mahottari,5 Days 8 Hr 48 min 12 Sec,40
https://www.youtube.com/watch?v=JPS4WMIfQm0,Maithili,Null,General,Female,Mahottari,5 Days 8 Hr 48 min 12 Sec,40
https://www.youtube.com/watch?v=Pd0mNmJSJjc,Maithili,Null,General,Female,Mahottari,5 Days 8 Hr 48 min 12 Sec,40
https://www.youtube.com/watch?v=qjWXrPxaBSk,Maithili,Null,General,Female,Mahottari,5 Days 8 Hr 48 min 12 Sec,40
https://www.youtube.com/watch?v=bbvVIOfwwnM,Maithili,Null,General,Female,Mahottari,5 Days 8 Hr 48 min 12 Sec,40
https://www.youtube.com/watch?v=2v68b6_XiIE,Maithili,Null,General,Female,Mahottari,5 Days 8 Hr 48 min 12 Sec,40
https://www.youtube.com/watch?v=CmnUE1lntLw,Maithili,Null,General,Female,Mahottari,5 Days 8 Hr 48 min 12 Sec,40
https://www.youtube.com/watch?v=1Wyzq-6G_MI,Maithili,Null,General,Female,Mahottari,5 Days 8 Hr 48 min 12 Sec,40
https://www.youtube.com/watch?v=f6dqEq7o9ps,Maithili,Null,General,Female,Mahottari,5 Days 8 Hr 48 min 12 Sec,40
https://www.youtube.com/watch?v=gxr6Dn71JrU,Maithili,Null,General,Female,Mahottari,5 Days 8 Hr 48 min 12 Sec,40
https://www.youtube.com/watch?v=MJLXcVwYKA8,Maithili,Null,General,Female,Mahottari,5 Days 8 Hr 48 min 12 Sec,40
https://www.youtube.com/watch?v=dFIHelVnkwM,Maithili,Null,General,Female,Mahottari,5 Days 8 Hr 48 min 12 Sec,40
https://www.youtube.com/watch?v=9CmiRCh5hUY,Maithili,Null,General,Female,Mahottari,5 Days 8 Hr 48 min 12 Sec,40
https://www.youtube.com/watch?v=FW3-lFTgo8U,Maithili,Null,General,Female,Mahottari,5 Days 8 Hr 48 min 12 Sec,40
https://www.youtube.com/watch?v=sKtX8g8vciI,Maithili,Null,General,Female,Mahottari,5 Days 8 Hr 48 min 12 Sec,40
https://www.youtube.com/watch?v=U9w1YOQwR4k,Maithili,Null,General,Female,Mahottari,5 Days 8 Hr 48 min 12 Sec,40
https://www.youtube.com/watch?v=zk4jcbA6vuM,Maithili,Null,General,Female,Mahottari,5 Days 8 Hr 48 min 12 Sec,40
https://www.youtube.com/watch?v=OQhCw1AB224,Maithili,Null,General,Female,Mahottari,5 Days 8 Hr 48 min 12 Sec,40
https://www.youtube.com/watch?v=2deCSIL4rUg,Maithili,Null,General,Female,Mahottari,5 Days 8 Hr 48 min 12 Sec,40
https://www.youtube.com/watch?v=S1NzmJ4F16A,Maithili,Null,General,Female,Mahottari,5 Days 8 Hr 48 min 12 Sec,40
https://www.youtube.com/watch?v=NDvtn3nBncE,Maithili,Null,General,Female,Mahottari,5 Days 8 Hr 48 min 12 Sec,40
https://www.youtube.com/watch?v=ZRCeVZZNsu0,Maithili,Null,General,Female,Mahottari,5 Days 8 Hr 48 min 12 Sec,40
https://www.youtube.com/watch?v=OTGr3UdyEn4,Maithili,Null,General,Female,Mahottari,5 Days 8 Hr 48 min 12 Sec,40
https://www.youtube.com/watch?v=zpNe72doDDE,Maithili,Null,General,Female,Mahottari,5 Days 8 Hr 48 min 12 Sec,40
https://www.youtube.com/watch?v=mVBv9ne5XfE,Maithili,Null,General,Female,Mahottari,5 Days 8 Hr 48 min 12 Sec,40
https://www.youtube.com/watch?v=radh1qLA2to,Maithili,Null,General,Female,Mahottari,5 Days 8 Hr 48 min 12 Sec,40
https://www.youtube.com/watch?v=SM1XXhpqT7o,Maithili,Null,General,Female,Mahottari,5 Days 8 Hr 48 min 12 Sec,40
https://www.youtube.com/watch?v=BsHl4GzdsPY,Maithili,Null,General,Female,Mahottari,5 Days 8 Hr 48 min 12 Sec,40
https://www.youtube.com/watch?v=IC64yECJBl4,Maithili,Null,General,Female,Mahottari,5 Days 8 Hr 48 min 12 Sec,40
https://www.youtube.com/watch?v=Nd2gb6S1AXM,Maithili,Null,General,Female,Mahottari,5 Days 8 Hr 48 min 12 Sec,40
https://www.youtube.com/watch?v=DTwIO4KiAIo,Maithili,Null,General,Female,Mahottari,5 Days 8 Hr 48 min 12 Sec,40
https://www.youtube.com/watch?v=ulU1Q1ZFYmA,Maithili,Null,General,Female,Mahottari,5 Days 8 Hr 48 min 12 Sec,40
https://www.youtube.com/watch?v=MvJD_0Kzra8,Maithili,Null,General,Female,Mahottari,5 Days 8 Hr 48 min 12 Sec,40
https://www.youtube.com/watch?v=OR_5Ago5hqI,Maithili,Null,General,Female,Mahottari,5 Days 8 Hr 48 min 12 Sec,40
https://www.youtube.com/watch?v=74XJG_lMj34,Maithili,Null,General,Female,Mahottari,5 Days 8 Hr 48 min 12 Sec,40
https://www.youtube.com/watch?v=E8qHjqWP4IA,Maithili,Null,General,Female,Mahottari,5 Days 8 Hr 48 min 12 Sec,40
https://www.youtube.com/watch?v=w94StWdfSHs,Maithili,Null,General,Female,Mahottari,5 Days 8 Hr 48 min 12 Sec,40
https://www.youtube.com/watch?v=AoX7eXpMiro,Maithili,Null,General,Female,Mahottari,5 Days 8 Hr 48 min 12 Sec,40
https://www.youtube.com/watch?v=HpFAfKTTNSc,Maithili,Null,General,Female,Mahottari,5 Days 8 Hr 48 min 12 Sec,40
https://www.youtube.com/watch?v=VtkO0jIeFK4,Maithili,Null,General,Female,Mahottari,5 Days 8 Hr 48 min 12 Sec,40
https://www.youtube.com/watch?v=-ktFiEFU_eM,Maithili,Null,General,Female,Mahottari,5 Days 8 Hr 48 min 12 Sec,40
https://www.youtube.com/watch?v=c1WGo6GaWD4,Maithili,Null,General,Female,Mahottari,5 Days 8 Hr 48 min 12 Sec,40
https://www.youtube.com/watch?v=HLZPT-88GH4,Maithili,Null,General,Female,Mahottari,5 Days 8 Hr 48 min 12 Sec,40
https://www.youtube.com/watch?v=jIjcit4kD-g,Maithili,Null,General,Female,Mahottari,5 Days 8 Hr 48 min 12 Sec,40
https://www.youtube.com/watch?v=fqJAvaLpxTI,Maithili,Null,General,Female,Mahottari,5 Days 8 Hr 48 min 12 Sec,40
https://www.youtube.com/watch?v=GX__2nFuF_4,Maithili,Null,General,Female,Mahottari,5 Days 8 Hr 48 min 12 Sec,40
https://www.youtube.com/watch?v=lZqdkTiRosY,Maithili,Null,General,Female,Mahottari,5 Days 8 Hr 48 min 12 Sec,40
https://www.youtube.com/watch?v=VXppmdtrkGs,Maithili,Null,General,Female,Mahottari,5 Days 8 Hr 48 min 12 Sec,40
https://www.youtube.com/watch?v=ZytV3-LBM6k,Maithili,Null,General,Female,Mahottari,5 Days 8 Hr 48 min 12 Sec,40
https://www.youtube.com/watch?v=6ct8DPxWMrw,Maithili,Null,General,Female,Mahottari,5 Days 8 Hr 48 min 12 Sec,40
https://www.youtube.com/watch?v=E4XlsyhbpRE,Maithili,Null,General,Female,Mahottari,5 Days 8 Hr 48 min 12 Sec,40
https://www.youtube.com/watch?v=HJIbqt2YPOc,Maithili,Null,General,Female,Mahottari,5 Days 8 Hr 48 min 12 Sec,40
https://www.youtube.com/watch?v=LYfxugbjwR0,Maithili,Null,General,Female,Mahottari,5 Days 8 Hr 48 min 12 Sec,40
https://www.youtube.com/watch?v=HmFS9htxmrs,Maithili,Null,General,Female,Mahottari,5 Days 8 Hr 48 min 12 Sec,40
https://www.youtube.com/watch?v=UM-W9ZPbbEE,Maithili,Null,General,Female,Mahottari,5 Days 8 Hr 48 min 12 Sec,40
https://www.youtube.com/watch?v=WC6j8l_mT14,Maithili,Null,General,Female,Mahottari,5 Days 8 Hr 48 min 12 Sec,40
https://www.youtube.com/watch?v=OiNJcWuJN34,Maithili,Null,General,Female,Mahottari,5 Days 8 Hr 48 min 12 Sec,40
https://www.youtube.com/watch?v=rdRT7f8GGBQ,Maithili,Null,General,Female,Mahottari,5 Days 8 Hr 48 min 12 Sec,40
https://www.youtube.com/watch?v=rLjRvABWsTo,Maithili,Null,General,Female,Mahottari,5 Days 8 Hr 48 min 12 Sec,40
https://www.youtube.com/watch?v=CuEZMBGbOQU,Maithili,Null,General,Female,Mahottari,5 Days 8 Hr 48 min 12 Sec,40
https://www.youtube.com/watch?v=H_Bg2UNh91Q,Maithili,Null,General,Female,Mahottari,5 Days 8 Hr 48 min 12 Sec,40
https://www.youtube.com/watch?v=dXAQGzRclrI,Maithili,Null,General,Female,Mahottari,5 Days 8 Hr 48 min 12 Sec,40
https://www.youtube.com/watch?v=ic2Lj8FxE1k,Maithili,Null,General,Female,Mahottari,5 Days 8 Hr 48 min 12 Sec,40
https://www.youtube.com/watch?v=hHRaxmz1pAk,Maithili,Null,General,Female,Mahottari,5 Days 8 Hr 48 min 12 Sec,40
https://www.youtube.com/watch?v=UQUIj6XgsjQ,Maithili,Null,General,Female,Mahottari,5 Days 8 Hr 48 min 12 Sec,40
https://www.youtube.com/watch?v=vkrCMsmMwXs,Maithili,Null,General,Female,Mahottari,5 Days 8 Hr 48 min 12 Sec,40
https://www.youtube.com/watch?v=Vh9Sg1Y0eNc,Maithili,Null,General,Female,Mahottari,5 Days 8 Hr 48 min 12 Sec,40
https://www.youtube.com/watch?v=_4YldxiFsKE,Maithili,Null,General,Female,Mahottari,5 Days 8 Hr 48 min 12 Sec,40
https://www.youtube.com/watch?v=uQKR-bn3BdI,Maithili,Null,General,Female,Mahottari,5 Days 8 Hr 48 min 12 Sec,40
https://www.youtube.com/watch?v=ZaJaoNFZdOU,Maithili,Null,General,Female,Mahottari,5 Days 8 Hr 48 min 12 Sec,40
https://www.youtube.com/watch?v=zf3jhswODrg,Maithili,Null,General,Female,Mahottari,5 Days 8 Hr 48 min 12 Sec,40
https://www.youtube.com/watch?v=6ojuKaZtWEM,Maithili,Null,General,Female,Mahottari,5 Days 8 Hr 48 min 12 Sec,40
https://www.youtube.com/watch?v=5xeYV_-t2Cg,Maithili,Null,General,Female,Mahottari,5 Days 8 Hr 48 min 12 Sec,40
https://www.youtube.com/watch?v=ltNERamt-WU,Maithili,Null,General,Female,Mahottari,5 Days 8 Hr 48 min 12 Sec,40
https://www.youtube.com/watch?v=AiwutRuqzD8,Maithili,Null,General,Female,Mahottari,5 Days 8 Hr 48 min 12 Sec,40
https://www.youtube.com/watch?v=XLwmIT19ZoM,Maithili,Null,General,Female,Mahottari,5 Days 8 Hr 48 min 12 Sec,40
https://www.youtube.com/watch?v=TcrgVtNjssk,Maithili,Null,General,Female,Mahottari,5 Days 8 Hr 48 min 12 Sec,40
https://www.youtube.com/watch?v=U1k5TLE3dUQ,Maithili,Null,General,Female,Mahottari,5 Days 8 Hr 48 min 12 Sec,40
https://www.youtube.com/watch?v=d5qJng27jPU,Maithili,Null,General,Female,Mahottari,5 Days 8 Hr 48 min 12 Sec,40
https://www.youtube.com/watch?v=yvRA1zJMDno,Maithili,Null,General,Female,Mahottari,5 Days 8 Hr 48 min 12 Sec,40
https://www.youtube.com/watch?v=Ytxv3a--rI4,Maithili,Null,General,Female,Mahottari,5 Days 8 Hr 48 min 12 Sec,40
https://www.youtube.com/watch?v=Xa_cOC6altg,Maithili,Null,General,Female,Mahottari,5 Days 8 Hr 48 min 12 Sec,40
https://www.youtube.com/watch?v=yd_yW6doI9k,Maithili,Null,General,Female,Mahottari,5 Days 8 Hr 48 min 12 Sec,40
https://www.youtube.com/watch?v=KgehFJ5VScw,Maithili,Null,General,Female,Mahottari,5 Days 8 Hr 48 min 12 Sec,40
https://www.youtube.com/watch?v=_aB8eAA72xM,Maithili,Null,General,Female,Mahottari,5 Days 8 Hr 48 min 12 Sec,40
https://www.youtube.com/watch?v=u_EJr8pK5Lc,Maithili,Null,General,Female,Mahottari,5 Days 8 Hr 48 min 12 Sec,40
https://www.youtube.com/watch?v=fLMWP-uTqcc,Maithili,Null,General,Female,Mahottari,5 Days 8 Hr 48 min 12 Sec,40
https://www.youtube.com/watch?v=WIGezVsuFEc,Maithili,Null,General,Female,Mahottari,5 Days 8 Hr 48 min 12 Sec,40
https://www.youtube.com/watch?v=bFeDkQTrmIc,Maithili,Null,General,Female,Mahottari,5 Days 8 Hr 48 min 12 Sec,40
https://www.youtube.com/watch?v=OcyvhZNLhbw,Maithili,Null,General,Female,Mahottari,5 Days 8 Hr 48 min 12 Sec,40
https://www.youtube.com/watch?v=2cq1dwyoEJc,Maithili,Null,General,Female,Mahottari,5 Days 8 Hr 48 min 12 Sec,40
https://www.youtube.com/watch?v=7pgoQRqVyyU,Maithili,Null,General,Female,Mahottari,5 Days 8 Hr 48 min 12 Sec,40
https://www.youtube.com/watch?v=qTs8Qry9mXU,Maithili,Null,General,Female,Mahottari,5 Days 8 Hr 48 min 12 Sec,40
https://www.youtube.com/watch?v=cywkl-xQ0NU,Maithili,Null,General,Female,Mahottari,5 Days 8 Hr 48 min 12 Sec,40
https://www.youtube.com/watch?v=ZpK8lnRr0Do,Maithili,Null,General,Female,Mahottari,5 Days 8 Hr 48 min 12 Sec,40
https://www.youtube.com/watch?v=1zUwxm59lsE,Maithili,Null,General,Female,Mahottari,5 Days 8 Hr 48 min 12 Sec,40
https://www.youtube.com/watch?v=LmCS_6qJNH4,Maithili,Null,General,Female,Mahottari,5 Days 8 Hr 48 min 12 Sec,40
https://www.youtube.com/watch?v=tEjtsYTK01k,Maithili,Null,General,Female,Mahottari,5 Days 8 Hr 48 min 12 Sec,40
https://www.youtube.com/watch?v=pCfnn2a0KBs,Maithili,Null,General,Female,Mahottari,5 Days 8 Hr 48 min 12 Sec,40
https://www.youtube.com/watch?v=PB07f3v75lI,Maithili,Null,General,Female,Mahottari,5 Days 8 Hr 48 min 12 Sec,40
https://www.youtube.com/watch?v=u7bfp5sa3Vk,Maithili,Null,General,Female,Mahottari,5 Days 8 Hr 48 min 12 Sec,40
https://www.youtube.com/watch?v=kn2f9luAto4,Maithili,Null,General,Female,Mahottari,5 Days 8 Hr 48 min 12 Sec,40
https://www.youtube.com/watch?v=N4CATQgHAP0,Maithili,Null,General,Female,Mahottari,5 Days 8 Hr 48 min 12 Sec,40
https://www.youtube.com/watch?v=w5sYlx3K0K8,Maithili,Null,General,Female,Mahottari,5 Days 8 Hr 48 min 12 Sec,40
https://www.youtube.com/watch?v=IT3gFCaXOI8,Maithili,Null,General,Female,Mahottari,5 Days 8 Hr 48 min 12 Sec,40
https://www.youtube.com/watch?v=fg2RrKUP2ro,Maithili,Null,General,Female,Mahottari,5 Days 8 Hr 48 min 12 Sec,40
https://www.youtube.com/watch?v=98ZpIiQ_5OM,Maithili,Null,General,Female,Mahottari,5 Days 8 Hr 48 min 12 Sec,40
https://www.youtube.com/watch?v=gMWBglw_SLY,Maithili,Null,General,Female,Mahottari,5 Days 8 Hr 48 min 12 Sec,40
https://www.youtube.com/watch?v=Jp8CmoKRAzs,Maithili,Null,General,Female,Mahottari,5 Days 8 Hr 48 min 12 Sec,40
https://www.youtube.com/watch?v=gVA3S335rFs,Maithili,Null,General,Female,Mahottari,5 Days 8 Hr 48 min 12 Sec,40
https://www.youtube.com/watch?v=3moCi90pl6o,Maithili,Null,General,Female,Mahottari,5 Days 8 Hr 48 min 12 Sec,40
https://www.youtube.com/watch?v=G199SRKDS90,Maithili,Null,General,Female,Mahottari,5 Days 8 Hr 48 min 12 Sec,40
https://www.youtube.com/watch?v=lCWKAxoJm_8,Maithili,Null,General,Female,Mahottari,5 Days 8 Hr 48 min 12 Sec,40
https://www.youtube.com/watch?v=rO_SgsmEAQg,Maithili,Null,General,Female,Mahottari,5 Days 8 Hr 48 min 12 Sec,40
https://www.youtube.com/watch?v=CuBF39cgcl0,Maithili,Null,General,Female,Mahottari,5 Days 8 Hr 48 min 12 Sec,40
https://www.youtube.com/watch?v=s77k6hK9SNw,Maithili,Null,General,Female,Mahottari,5 Days 8 Hr 48 min 12 Sec,40
https://www.youtube.com/watch?v=MHjWgqpksO4,Maithili,Null,General,Female,Mahottari,5 Days 8 Hr 48 min 12 Sec,40
https://www.youtube.com/watch?v=NCSj9HSFlno,Maithili,Null,General,Female,Mahottari,5 Days 8 Hr 48 min 12 Sec,40
https://www.youtube.com/watch?v=iE0OwdZZ15c,Maithili,Null,General,Female,Mahottari,5 Days 8 Hr 48 min 12 Sec,40
https://www.youtube.com/watch?v=A0TbVgvdiLg,Maithili,Null,General,Female,Mahottari,5 Days 8 Hr 48 min 12 Sec,40
https://www.youtube.com/watch?v=M6sQFINXyfs,Maithili,Null,General,Female,Mahottari,5 Days 8 Hr 48 min 12 Sec,40
https://www.youtube.com/watch?v=ZixwWPWcsak,Maithili,Null,General,Female,Mahottari,5 Days 8 Hr 48 min 12 Sec,40
https://www.youtube.com/watch?v=P5leQ_f7Jec,Maithili,Null,General,Female,Mahottari,5 Days 8 Hr 48 min 12 Sec,40
https://www.youtube.com/watch?v=5HmwFvJWutM,Maithili,Null,General,Female,Mahottari,5 Days 8 Hr 48 min 12 Sec,40
https://www.youtube.com/watch?v=znSulhgmS00,Maithili,Null,General,Female,Mahottari,5 Days 8 Hr 48 min 12 Sec,40
https://www.youtube.com/watch?v=PvCwJOnJ6As,Maithili,Null,General,Female,Mahottari,5 Days 8 Hr 48 min 12 Sec,40
https://www.youtube.com/watch?v=MweKSoPyPxI,Maithili,Null,General,Female,Mahottari,5 Days 8 Hr 48 min 12 Sec,40
https://www.youtube.com/watch?v=VjjNBIjTQYU,Maithili,Null,General,Female,Mahottari,5 Days 8 Hr 48 min 12 Sec,40
https://www.youtube.com/watch?v=3G8QAykghlE,Maithili,Null,General,Female,Mahottari,5 Days 8 Hr 48 min 12 Sec,40
https://www.youtube.com/watch?v=kecHQneN4Ng,Maithili,Null,General,Female,Mahottari,5 Days 8 Hr 48 min 12 Sec,40
https://www.youtube.com/watch?v=sDDeYkkfi_E,Maithili,Null,General,Female,Mahottari,5 Days 8 Hr 48 min 12 Sec,40
https://www.youtube.com/watch?v=biU-OAFVIPs,Maithili,Null,General,Female,Mahottari,5 Days 8 Hr 48 min 12 Sec,40
https://www.youtube.com/watch?v=3KDfA605Urk,Maithili,Null,General,Female,Mahottari,5 Days 8 Hr 48 min 12 Sec,40
https://www.youtube.com/watch?v=iMhb1YJC8oQ,Maithili,Null,General,Female,Mahottari,5 Days 8 Hr 48 min 12 Sec,40
https://www.youtube.com/watch?v=_ryxcg_yj0g,Maithili,Null,General,Female,Mahottari,5 Days 8 Hr 48 min 12 Sec,40
https://www.youtube.com/watch?v=DvyCrx6QncY,Maithili,Null,General,Female,Mahottari,5 Days 8 Hr 48 min 12 Sec,40
https://www.youtube.com/watch?v=4fnF4TBKSgo,Maithili,Null,General,Female,Mahottari,5 Days 8 Hr 48 min 12 Sec,40
https://www.youtube.com/watch?v=9a78eeVPgFo,Maithili,Null,General,Female,Mahottari,5 Days 8 Hr 48 min 12 Sec,40
https://www.youtube.com/watch?v=X4O-lbKTa6c,Maithili,Null,General,Female,Mahottari,5 Days 8 Hr 48 min 12 Sec,40
https://www.youtube.com/watch?v=mODTTqv8GO4,Maithili,Null,General,Female,Mahottari,5 Days 8 Hr 48 min 12 Sec,40
https://www.youtube.com/watch?v=L7fEvwmheC0,Maithili,Null,General,Female,Mahottari,5 Days 8 Hr 48 min 12 Sec,40
https://www.youtube.com/watch?v=kfVj_Tew4qw,Maithili,Null,General,Female,Mahottari,5 Days 8 Hr 48 min 12 Sec,40
https://www.youtube.com/watch?v=BKdqosCj1UI,Maithili,Null,General,Female,Mahottari,5 Days 8 Hr 48 min 12 Sec,40
https://www.youtube.com/watch?v=JBkuxB3E3rs,Maithili,Null,General,Female,Mahottari,5 Days 8 Hr 48 min 12 Sec,40
https://www.youtube.com/watch?v=V8oMdgFsNmo,Maithili,Null,General,Female,Mahottari,5 Days 8 Hr 48 min 12 Sec,40
https://www.youtube.com/watch?v=_c1gffjC0bo,Maithili,Null,General,Female,Mahottari,5 Days 8 Hr 48 min 12 Sec,40
https://www.youtube.com/watch?v=37LerHzsSbo,Maithili,Null,General,Female,Mahottari,5 Days 8 Hr 48 min 12 Sec,40
https://www.youtube.com/watch?v=XB2t7y1ovZ0,Maithili,Null,General,Female,Mahottari,5 Days 8 Hr 48 min 12 Sec,40
https://www.youtube.com/watch?v=4sp1CDHdNpo,Maithili,Null,General,Female,Mahottari,5 Days 8 Hr 48 min 12 Sec,40
https://www.youtube.com/watch?v=UsnmHdV3SLU,Maithili,Null,General,Female,Mahottari,5 Days 8 Hr 48 min 12 Sec,40
https://www.youtube.com/watch?v=02KspNUt8y0,Maithili,Null,General,Female,Mahottari,5 Days 8 Hr 48 min 12 Sec,40
https://www.youtube.com/watch?v=zyquJNpWT20,Maithili,Null,General,Female,Mahottari,5 Days 8 Hr 48 min 12 Sec,40
https://www.youtube.com/watch?v=iPvGhVzfToI,Maithili,Null,General,Female,Mahottari,5 Days 8 Hr 48 min 12 Sec,40
https://www.youtube.com/watch?v=EQwzR9c4VkE,Maithili,Null,General,Female,Mahottari,5 Days 8 Hr 48 min 12 Sec,40
https://www.youtube.com/watch?v=ErCB90aEudw,Maithili,Null,General,Female,Mahottari,5 Days 8 Hr 48 min 12 Sec,40
https://www.youtube.com/watch?v=MqcSvsamZJ4,Maithili,Null,General,Female,Mahottari,5 Days 8 Hr 48 min 12 Sec,40
https://www.youtube.com/watch?v=nj1vCmUcqmA,Maithili,Null,General,Female,Mahottari,5 Days 8 Hr 48 min 12 Sec,40
https://www.youtube.com/watch?v=SwzmEz0bzYE,Maithili,Null,General,Female,Mahottari,5 Days 8 Hr 48 min 12 Sec,40
https://www.youtube.com/watch?v=O6EvdVWWN-A,Maithili,Null,General,Female,Mahottari,5 Days 8 Hr 48 min 12 Sec,40
https://www.youtube.com/watch?v=WZ2NwTAndSY,Maithili,Null,General,Female,Mahottari,5 Days 8 Hr 48 min 12 Sec,40
https://www.youtube.com/watch?v=yxfw_vqzxNI,Maithili,Null,General,Female,Mahottari,5 Days 8 Hr 48 min 12 Sec,40
https://www.youtube.com/watch?v=QerntEySDUE,Maithili,Null,General,Female,Mahottari,5 Days 8 Hr 48 min 12 Sec,40
https://www.youtube.com/watch?v=VfEDCrBhgBo,Maithili,Null,General,Female,Mahottari,5 Days 8 Hr 48 min 12 Sec,40
https://www.youtube.com/watch?v=0z2XfQtEL30,Maithili,Null,General,Female,Mahottari,5 Days 8 Hr 48 min 12 Sec,40
https://www.youtube.com/watch?v=zT7OH7QHVvQ,Maithili,Null,General,Female,Mahottari,5 Days 8 Hr 48 min 12 Sec,40
https://www.youtube.com/watch?v=Yl71QmjXKoA,Maithili,Null,General,Female,Mahottari,5 Days 8 Hr 48 min 12 Sec,40
https://www.youtube.com/watch?v=_zJgrSgv4q4,Maithili,Null,General,Female,Mahottari,5 Days 8 Hr 48 min 12 Sec,40
https://www.youtube.com/watch?v=aFQ2waG6LxI,Maithili,Null,General,Female,Mahottari,5 Days 8 Hr 48 min 12 Sec,40
https://www.youtube.com/watch?v=kaNrsHWJNsI,Maithili,Null,General,Female,Mahottari,5 Days 8 Hr 48 min 12 Sec,40
https://www.youtube.com/watch?v=l8gyJtfzK9g,Maithili,Null,General,Female,Mahottari,5 Days 8 Hr 48 min 12 Sec,40
https://www.youtube.com/watch?v=KHLayNABaQA,Maithili,Null,General,Female,Mahottari,5 Days 8 Hr 48 min 12 Sec,40
https://www.youtube.com/watch?v=Bh-U0MahrDg,Maithili,Null,General,Female,Mahottari,5 Days 8 Hr 48 min 12 Sec,40
https://www.youtube.com/watch?v=OZNeG7NpfDE,Maithili,Null,General,Female,Mahottari,5 Days 8 Hr 48 min 12 Sec,40
https://www.youtube.com/watch?v=HiTM6ivM05Q,Maithili,Null,General,Female,Mahottari,5 Days 8 Hr 48 min 12 Sec,40
https://www.youtube.com/watch?v=r9EzdQyHRgc,Maithili,Null,General,Female,Mahottari,5 Days 8 Hr 48 min 12 Sec,40
https://www.youtube.com/watch?v=iZ4bqVQjiBE,Maithili,Null,General,Female,Mahottari,5 Days 8 Hr 48 min 12 Sec,40
https://www.youtube.com/watch?v=CTsBD8tVWu0,Maithili,Null,General,Female,Mahottari,5 Days 8 Hr 48 min 12 Sec,40
https://www.youtube.com/watch?v=JDT2pBzFoi8,Maithili,Null,General,Female,Mahottari,5 Days 8 Hr 48 min 12 Sec,40
https://www.youtube.com/watch?v=Px0mCKFI55o,Maithili,Null,General,Female,Mahottari,5 Days 8 Hr 48 min 12 Sec,40
https://www.youtube.com/watch?v=pFear0LWG1E,Maithili,Null,General,Female,Mahottari,5 Days 8 Hr 48 min 12 Sec,40
https://www.youtube.com/watch?v=Wf9fwqRm7ms,Maithili,Null,General,Female,Mahottari,5 Days 8 Hr 48 min 12 Sec,40
https://www.youtube.com/watch?v=0a8mD-p_Gmk,Maithili,Null,General,Female,Mahottari,5 Days 8 Hr 48 min 12 Sec,40
https://www.youtube.com/watch?v=Ia9GlXYFNnM,Maithili,Null,General,Female,Mahottari,5 Days 8 Hr 48 min 12 Sec,40
https://www.youtube.com/watch?v=OWrYhKeQnbI,Maithili,Null,General,Female,Mahottari,5 Days 8 Hr 48 min 12 Sec,40
https://www.youtube.com/watch?v=VEvjQUdPx9M,Maithili,Null,General,Female,Mahottari,5 Days 8 Hr 48 min 12 Sec,40
https://www.youtube.com/watch?v=r3mw48i8Qcg,Maithili,Null,General,Female,Mahottari,5 Days 8 Hr 48 min 12 Sec,40
https://www.youtube.com/watch?v=2p-F7pHVgR4,Maithili,Null,General,Female,Mahottari,5 Days 8 Hr 48 min 12 Sec,40
https://www.youtube.com/watch?v=QNLprNKJCaw,Maithili,Null,General,Female,Mahottari,5 Days 8 Hr 48 min 12 Sec,40
https://www.youtube.com/watch?v=pFvioPPDpTo,Maithili,Null,General,Female,Mahottari,5 Days 8 Hr 48 min 12 Sec,40
https://www.youtube.com/watch?v=XclYE8gYdCc,Maithili,Null,General,Female,Mahottari,5 Days 8 Hr 48 min 12 Sec,40
https://www.youtube.com/watch?v=lZPq7RMk6Zc,Maithili,Null,General,Female,Mahottari,5 Days 8 Hr 48 min 12 Sec,40
https://www.youtube.com/watch?v=eglJNg6RlQI,Maithili,Null,General,Female,Mahottari,5 Days 8 Hr 48 min 12 Sec,40
https://www.youtube.com/watch?v=3k3uhvX8Uco,Maithili,Null,General,Female,Mahottari,5 Days 8 Hr 48 min 12 Sec,40
https://www.youtube.com/watch?v=YSdsyzq45A8,Maithili,Null,General,Female,Mahottari,5 Days 8 Hr 48 min 12 Sec,40
https://www.youtube.com/watch?v=WanowhMfF6o,Maithili,Null,General,Female,Mahottari,5 Days 8 Hr 48 min 12 Sec,40
https://www.youtube.com/watch?v=Ufv83WQ_T2Q,Maithili,Null,General,Female,Mahottari,5 Days 8 Hr 48 min 12 Sec,40
https://www.youtube.com/watch?v=82kFtbCABTM,Maithili,Null,General,Female,Mahottari,5 Days 8 Hr 48 min 12 Sec,40
https://www.youtube.com/watch?v=GI_SZ0noumI,Maithili,Null,General,Female,Mahottari,5 Days 8 Hr 48 min 12 Sec,40
https://www.youtube.com/watch?v=9nY2zlKopRM,Maithili,Null,General,Female,Mahottari,5 Days 8 Hr 48 min 12 Sec,40
https://www.youtube.com/watch?v=O12BK-7umKU,Maithili,Null,General,Female,Mahottari,5 Days 8 Hr 48 min 12 Sec,40
https://www.youtube.com/watch?v=1mXZrCtNYWk,Maithili,Null,General,Female,Mahottari,5 Days 8 Hr 48 min 12 Sec,40
https://www.youtube.com/watch?v=h0p0w1C5PdM,Maithili,Null,General,Female,Mahottari,5 Days 8 Hr 48 min 12 Sec,40
https://www.youtube.com/watch?v=0xfY1JaltcA,Maithili,Null,General,Female,Mahottari,5 Days 8 Hr 48 min 12 Sec,40
https://www.youtube.com/watch?v=9Hhom4CJDFg,Maithili,Null,General,Female,Mahottari,5 Days 8 Hr 48 min 12 Sec,40
https://www.youtube.com/watch?v=cVIx0Ocj-no,Maithili,Null,General,Female,Mahottari,5 Days 8 Hr 48 min 12 Sec,40
https://www.youtube.com/watch?v=xd5dmuqFBZQ,Maithili,Null,General,Female,Mahottari,5 Days 8 Hr 48 min 12 Sec,40
https://www.youtube.com/watch?v=E_9_eLzoNRQ,Maithili,Null,General,Female,Mahottari,5 Days 8 Hr 48 min 12 Sec,40
https://www.youtube.com/watch?v=MCiDbGO3TGo,Maithili,Null,General,Female,Mahottari,5 Days 8 Hr 48 min 12 Sec,40
https://www.youtube.com/watch?v=u_S8Gw6zCLg,Maithili,Null,General,Female,Mahottari,5 Days 8 Hr 48 min 12 Sec,40
https://www.youtube.com/watch?v=fbH3tCVMlPw,Maithili,Null,General,Female,Mahottari,5 Days 8 Hr 48 min 12 Sec,40
https://www.youtube.com/watch?v=0FCXaft64gY,Maithili,Null,General,Female,Mahottari,5 Days 8 Hr 48 min 12 Sec,40
https://www.youtube.com/watch?v=6e94JXHDVo4,Maithili,Null,General,Female,Mahottari,5 Days 8 Hr 48 min 12 Sec,40
https://www.youtube.com/watch?v=LX4fCnQikPo,Maithili,Null,General,Female,Mahottari,5 Days 8 Hr 48 min 12 Sec,40
https://www.youtube.com/watch?v=Jr78jscoRSw,Maithili,Null,General,Female,Mahottari,5 Days 8 Hr 48 min 12 Sec,40
https://www.youtube.com/watch?v=4NIpj5fnk6Y,Maithili,Null,General,Female,Mahottari,5 Days 8 Hr 48 min 12 Sec,40
https://www.youtube.com/watch?v=OCgaZqdUPUM,Maithili,Null,General,Female,Mahottari,5 Days 8 Hr 48 min 12 Sec,40
https://www.youtube.com/watch?v=BpbBOpzkHDg,Maithili,Null,General,Female,Mahottari,5 Days 8 Hr 48 min 12 Sec,40
https://www.youtube.com/watch?v=VGHkj7nGSB4,Maithili,Null,General,Female,Mahottari,5 Days 8 Hr 48 min 12 Sec,40
https://www.youtube.com/watch?v=wi7m4e5tpXs,Maithili,Null,General,Female,Mahottari,5 Days 8 Hr 48 min 12 Sec,40
https://www.youtube.com/watch?v=ok8SS4a0ZFk,Maithili,Null,General,Female,Mahottari,5 Days 8 Hr 48 min 12 Sec,40
https://www.youtube.com/watch?v=n9uK7mwwg2U,Maithili,Null,General,Female,Mahottari,5 Days 8 Hr 48 min 12 Sec,40
https://www.youtube.com/watch?v=X4Nc3fzokNs,Maithili,Null,General,Female,Mahottari,5 Days 8 Hr 48 min 12 Sec,40
https://www.youtube.com/watch?v=JEgKCDxQ1Nw,Maithili,Null,General,Female,Mahottari,5 Days 8 Hr 48 min 12 Sec,40
https://www.youtube.com/watch?v=N_cITrwKyzI,Maithili,Null,General,Female,Mahottari,5 Days 8 Hr 48 min 12 Sec,40
https://www.youtube.com/watch?v=hShqNrG_BsM,Maithili,Null,General,Female,Mahottari,5 Days 8 Hr 48 min 12 Sec,40
https://www.youtube.com/watch?v=HlKQPai6tHI,Maithili,Null,General,Female,Mahottari,5 Days 8 Hr 48 min 12 Sec,40
https://www.youtube.com/watch?v=sJfqyi-nMMU,Maithili,Null,General,Female,Mahottari,5 Days 8 Hr 48 min 12 Sec,40
https://www.youtube.com/watch?v=rKz58iZLNy4,Maithili,Null,General,Female,Mahottari,5 Days 8 Hr 48 min 12 Sec,40
https://www.youtube.com/watch?v=lOJKbXs6I88,Maithili,Null,General,Female,Mahottari,5 Days 8 Hr 48 min 12 Sec,40
https://www.youtube.com/watch?v=JdHN-5BeGrc,Maithili,Null,General,Female,Mahottari,5 Days 8 Hr 48 min 12 Sec,40
https://www.youtube.com/watch?v=98fJrIAUOzM,Maithili,Null,General,Female,Mahottari,5 Days 8 Hr 48 min 12 Sec,40
https://www.youtube.com/watch?v=pyRzL6FA6ys,Maithili,Null,General,Female,Mahottari,5 Days 8 Hr 48 min 12 Sec,40
https://www.youtube.com/watch?v=zs8ktdambjU,Maithili,Null,General,Female,Mahottari,5 Days 8 Hr 48 min 12 Sec,40
https://www.youtube.com/watch?v=QvlSUV4cNd4,Maithili,Null,General,Female,Mahottari,5 Days 8 Hr 48 min 12 Sec,40
https://www.youtube.com/watch?v=x2Qfa8hP7eY,Maithili,Null,General,Female,Mahottari,5 Days 8 Hr 48 min 12 Sec,40
https://www.youtube.com/watch?v=qGWp5TW4n78,Maithili,Null,General,Female,Mahottari,5 Days 8 Hr 48 min 12 Sec,40
https://www.youtube.com/watch?v=skYrjtbUmmg,Maithili,Null,General,Female,Mahottari,5 Days 8 Hr 48 min 12 Sec,40
https://www.youtube.com/watch?v=25hWEFdAhC4,Maithili,Null,General,Female,Mahottari,5 Days 8 Hr 48 min 12 Sec,40
https://www.youtube.com/watch?v=JpQwxo_WdkA,Maithili,Null,General,Female,Mahottari,5 Days 8 Hr 48 min 12 Sec,40
https://www.youtube.com/watch?v=XDgiqkUGJPQ,Maithili,Null,General,Female,Mahottari,5 Days 8 Hr 48 min 12 Sec,40
https://www.youtube.com/watch?v=MzIORuiJdO4,Maithili,Null,General,Female,Mahottari,5 Days 8 Hr 48 min 12 Sec,40
https://www.youtube.com/watch?v=5yMkz5ZJ5h4,Maithili,Null,General,Female,Mahottari,5 Days 8 Hr 48 min 12 Sec,40
https://www.youtube.com/watch?v=hGFyYFTsPm4,Maithili,Null,General,Female,Mahottari,5 Days 8 Hr 48 min 12 Sec,40
https://www.youtube.com/watch?v=ehBigT81GC8,Maithili,Null,General,Female,Mahottari,5 Days 8 Hr 48 min 12 Sec,40
https://www.youtube.com/watch?v=wP9_SGNe3Es,Maithili,Null,General,Female,Mahottari,5 Days 8 Hr 48 min 12 Sec,40
https://www.youtube.com/watch?v=SfBPTnwgkpE,Maithili,Null,General,Female,Mahottari,5 Days 8 Hr 48 min 12 Sec,40
https://www.youtube.com/watch?v=EfAhzruzeHk,Maithili,Null,General,Female,Mahottari,5 Days 8 Hr 48 min 12 Sec,40
https://www.youtube.com/watch?v=VLeuD5DSrsY,Maithili,Null,General,Female,Mahottari,5 Days 8 Hr 48 min 12 Sec,40
https://www.youtube.com/watch?v=ZOwxD8qLnwI,Maithili,Null,General,Female,Mahottari,5 Days 8 Hr 48 min 12 Sec,40
https://www.youtube.com/watch?v=M9OFyMH4NMw,Maithili,Null,General,Female,Mahottari,5 Days 8 Hr 48 min 12 Sec,40
https://www.youtube.com/watch?v=iNRJySuIkzc,Maithili,Null,General,Female,Mahottari,5 Days 8 Hr 48 min 12 Sec,40
https://www.youtube.com/watch?v=mByGhjX30LI,Maithili,Null,General,Female,Mahottari,5 Days 8 Hr 48 min 12 Sec,40
https://www.youtube.com/watch?v=S8F2qxqLEio,Maithili,Null,General,Female,Mahottari,5 Days 8 Hr 48 min 12 Sec,40
https://www.youtube.com/watch?v=Ur63dv9yYrA,Maithili,Null,General,Female,Mahottari,5 Days 8 Hr 48 min 12 Sec,40
https://www.youtube.com/watch?v=uxJKgTeDqak,Maithili,Null,General,Female,Mahottari,5 Days 8 Hr 48 min 12 Sec,40
https://www.youtube.com/watch?v=i4KmJrEfoEo,Maithili,Null,General,Female,Mahottari,5 Days 8 Hr 48 min 12 Sec,40
https://www.youtube.com/watch?v=s1vIkTG4pbI,Maithili,Null,General,Female,Mahottari,5 Days 8 Hr 48 min 12 Sec,40
https://www.youtube.com/watch?v=9d-cphnGlbk,Maithili,Null,General,Female,Mahottari,5 Days 8 Hr 48 min 12 Sec,40
https://www.youtube.com/watch?v=h7fa_ugIgHI,Maithili,Null,General,Female,Mahottari,5 Days 8 Hr 48 min 12 Sec,40
https://www.youtube.com/watch?v=Wl_oEezB4ZQ,Maithili,Null,General,Female,Mahottari,5 Days 8 Hr 48 min 12 Sec,40
https://www.youtube.com/watch?v=El56UaYl9EI,Maithili,Null,General,Female,Mahottari,5 Days 8 Hr 48 min 12 Sec,40
https://www.youtube.com/watch?v=4MuVLC4MWxA,Maithili,Null,General,Female,Mahottari,5 Days 8 Hr 48 min 12 Sec,40
https://www.youtube.com/watch?v=IR-WZeWjZFc,Maithili,Null,General,Female,Mahottari,5 Days 8 Hr 48 min 12 Sec,40
https://www.youtube.com/watch?v=Fn7gpDIaWTU,Maithili,Null,General,Female,Mahottari,5 Days 8 Hr 48 min 12 Sec,40
https://www.youtube.com/watch?v=qjQqgvFY7mo,Maithili,Null,General,Female,Mahottari,5 Days 8 Hr 48 min 12 Sec,40
https://www.youtube.com/watch?v=zx-xgNOcOXY,Maithili,Null,General,Female,Mahottari,5 Days 8 Hr 48 min 12 Sec,40
https://www.youtube.com/watch?v=Zh2-V8juuf4,Maithili,Null,General,Female,Mahottari,5 Days 8 Hr 48 min 12 Sec,40
https://www.youtube.com/watch?v=5R34fkPE4d0,Maithili,Null,General,Female,Mahottari,5 Days 8 Hr 48 min 12 Sec,40
https://www.youtube.com/watch?v=e9tqzWyW6ZI,Maithili,Null,General,Female,Mahottari,5 Days 8 Hr 48 min 12 Sec,40
https://www.youtube.com/watch?v=mMihUcbGxVg,Maithili,Null,General,Female,Mahottari,5 Days 8 Hr 48 min 12 Sec,40
https://www.youtube.com/watch?v=qGcRom6Yyjs,Maithili,Null,General,Female,Mahottari,5 Days 8 Hr 48 min 12 Sec,40
https://www.youtube.com/watch?v=xYgs3-vrdIA,Maithili,Null,General,Female,Mahottari,5 Days 8 Hr 48 min 12 Sec,40
https://www.youtube.com/watch?v=GLdvQaUz0rc,Maithili,Null,General,Female,Mahottari,5 Days 8 Hr 48 min 12 Sec,40
https://www.youtube.com/watch?v=siPdvrFbaSg,Maithili,Null,General,Female,Mahottari,5 Days 8 Hr 48 min 12 Sec,40
https://www.youtube.com/watch?v=ZgxUAIFIDm0,Maithili,Null,General,Female,Mahottari,5 Days 8 Hr 48 min 12 Sec,40
https://www.youtube.com/watch?v=EPfqbwsAS54,Maithili,Null,General,Female,Mahottari,5 Days 8 Hr 48 min 12 Sec,40
https://www.youtube.com/watch?v=A-BM9c89lWo,Maithili,Null,General,Female,Mahottari,5 Days 8 Hr 48 min 12 Sec,40
https://www.youtube.com/watch?v=2fb--4wQlcY,Maithili,Null,General,Female,Mahottari,5 Days 8 Hr 48 min 12 Sec,40
https://www.youtube.com/watch?v=z4hawpwgji8,Maithili,Null,General,Female,Mahottari,5 Days 8 Hr 48 min 12 Sec,40
https://www.youtube.com/watch?v=wyEx75WOF0k,Maithili,Null,General,Female,Mahottari,5 Days 8 Hr 48 min 12 Sec,40
https://www.youtube.com/watch?v=Ezfpe5fzbrE,Maithili,Null,General,Female,Mahottari,5 Days 8 Hr 48 min 12 Sec,40
https://www.youtube.com/watch?v=jnNDPXINUzI,Maithili,Null,General,Female,Mahottari,5 Days 8 Hr 48 min 12 Sec,40
https://www.youtube.com/watch?v=x_cdnw_ZH0w,Maithili,Null,General,Female,Mahottari,5 Days 8 Hr 48 min 12 Sec,40
https://www.youtube.com/watch?v=qCuEU7WPs8k,Maithili,Null,General,Female,Mahottari,5 Days 8 Hr 48 min 12 Sec,40
https://www.youtube.com/watch?v=8YlrQm75GhM,Maithili,Null,General,Female,Mahottari,5 Days 8 Hr 48 min 12 Sec,40
https://www.youtube.com/watch?v=It5QrYikRf0,Maithili,Null,General,Female,Mahottari,5 Days 8 Hr 48 min 12 Sec,40
https://www.youtube.com/watch?v=P1GEA_bpql4,Maithili,Null,General,Female,Mahottari,5 Days 8 Hr 48 min 12 Sec,40
https://www.youtube.com/watch?v=IA7R95E7lN0,Maithili,Null,General,Female,Mahottari,5 Days 8 Hr 48 min 12 Sec,40
https://www.youtube.com/watch?v=VIben7GS_iI,Maithili,Null,General,Female,Mahottari,5 Days 8 Hr 48 min 12 Sec,40
https://www.youtube.com/watch?v=giNwPF4Qzzg,Maithili,Null,General,Female,Mahottari,5 Days 8 Hr 48 min 12 Sec,40
https://www.youtube.com/watch?v=yvWCFqhwJrg,Maithili,Null,General,Female,Mahottari,5 Days 8 Hr 48 min 12 Sec,40
https://www.youtube.com/watch?v=kZT3zBpowAA,Maithili,Null,General,Female,Mahottari,5 Days 8 Hr 48 min 12 Sec,40
https://www.youtube.com/watch?v=av9pcX3x9lo,Maithili,Null,General,Female,Mahottari,5 Days 8 Hr 48 min 12 Sec,40
https://www.youtube.com/watch?v=hb7cWI70MXQ,Maithili,Null,General,Female,Mahottari,5 Days 8 Hr 48 min 12 Sec,40
https://www.youtube.com/watch?v=j8xudJIT-Ic,Maithili,Null,General,Female,Mahottari,5 Days 8 Hr 48 min 12 Sec,40
https://www.youtube.com/watch?v=vT1gAxOXiSc,Maithili,Null,General,Female,Mahottari,5 Days 8 Hr 48 min 12 Sec,40
https://www.youtube.com/watch?v=OZm2pkKa_Wg,Maithili,Null,General,Female,Mahottari,5 Days 8 Hr 48 min 12 Sec,40
https://www.youtube.com/watch?v=4SCm8hQCjQM,Maithili,Null,General,Female,Mahottari,5 Days 8 Hr 48 min 12 Sec,40
https://www.youtube.com/watch?v=kCWC3FzZurE,Maithili,Null,General,Female,Mahottari,5 Days 8 Hr 48 min 12 Sec,40
https://www.youtube.com/watch?v=ZJjmA6l-mLI,Maithili,Null,General,Female,Mahottari,5 Days 8 Hr 48 min 12 Sec,40
https://www.youtube.com/watch?v=pGJqShHOalo,Maithili,Null,General,Female,Mahottari,5 Days 8 Hr 48 min 12 Sec,40
https://www.youtube.com/watch?v=Wp-42FPbJzY,Maithili,Null,General,Female,Mahottari,5 Days 8 Hr 48 min 12 Sec,40
https://www.youtube.com/watch?v=cBzPh1JBigs,Maithili,Null,General,Female,Mahottari,5 Days 8 Hr 48 min 12 Sec,40
https://www.youtube.com/watch?v=DeBDXbIBCGc,Maithili,Null,General,Female,Mahottari,5 Days 8 Hr 48 min 12 Sec,40
https://www.youtube.com/watch?v=Msy_OjPmRXw,Maithili,Null,General,Female,Mahottari,5 Days 8 Hr 48 min 12 Sec,40
https://www.youtube.com/watch?v=7KI8RyDgdEM,Maithili,Null,General,Female,Mahottari,5 Days 8 Hr 48 min 12 Sec,40
https://www.youtube.com/watch?v=osiTLgu0JLM,Maithili,Null,General,Female,Mahottari,5 Days 8 Hr 48 min 12 Sec,40
https://www.youtube.com/watch?v=yeAViNn81-Q,Maithili,Null,General,Female,Mahottari,5 Days 8 Hr 48 min 12 Sec,40
https://www.youtube.com/watch?v=QEAKauD7xyQ,Maithili,Null,General,Female,Mahottari,5 Days 8 Hr 48 min 12 Sec,40
https://www.youtube.com/watch?v=jNx2Weq0IxU,Maithili,Null,General,Female,Mahottari,5 Days 8 Hr 48 min 12 Sec,40
https://www.youtube.com/watch?v=q3dqlDs5ooY,Maithili,Null,General,Female,Mahottari,5 Days 8 Hr 48 min 12 Sec,40
https://www.youtube.com/watch?v=JiNqG4zDkks,Maithili,Null,General,Female,Mahottari,5 Days 8 Hr 48 min 12 Sec,40
https://www.youtube.com/watch?v=lVflDX9tR48,Maithili,Null,General,Female,Mahottari,5 Days 8 Hr 48 min 12 Sec,40
https://www.youtube.com/watch?v=aEU8ABXXBMs,Maithili,Null,General,Female,Mahottari,5 Days 8 Hr 48 min 12 Sec,40
https://www.youtube.com/watch?v=E1kixuAzxkE,Maithili,Null,General,Female,Mahottari,5 Days 8 Hr 48 min 12 Sec,40
https://www.youtube.com/watch?v=_e6IaLioCXk,Maithili,Null,General,Female,Mahottari,5 Days 8 Hr 48 min 12 Sec,40
https://www.youtube.com/watch?v=F52fayo1-Ko,Maithili,Null,General,Female,Mahottari,5 Days 8 Hr 48 min 12 Sec,40
https://www.youtube.com/watch?v=OqF2uNfmIDo,Maithili,Null,General,Female,Mahottari,5 Days 8 Hr 48 min 12 Sec,40
https://www.youtube.com/watch?v=zmr1R_I6vEY,Maithili,Null,General,Female,Mahottari,5 Days 8 Hr 48 min 12 Sec,40
https://www.youtube.com/watch?v=OweIN4jDY3E,Maithili,Null,General,Female,Mahottari,5 Days 8 Hr 48 min 12 Sec,40
https://www.youtube.com/watch?v=emVXv-B-Prs,Maithili,Null,General,Female,Mahottari,5 Days 8 Hr 48 min 12 Sec,40
https://www.youtube.com/watch?v=ZAn68LjEkeI,Maithili,Null,General,Female,Mahottari,5 Days 8 Hr 48 min 12 Sec,40
https://www.youtube.com/watch?v=I08yOAzdNvQ,Maithili,Null,General,Female,Mahottari,5 Days 8 Hr 48 min 12 Sec,40
https://www.youtube.com/watch?v=8PP7YbrYekk,Maithili,Null,General,Female,Mahottari,5 Days 8 Hr 48 min 12 Sec,40
https://www.youtube.com/watch?v=RdXDx6fgor8,Maithili,Null,General,Female,Mahottari,5 Days 8 Hr 48 min 12 Sec,40
https://www.youtube.com/watch?v=b2RkTkJlWuI,Maithili,Null,General,Female,Mahottari,5 Days 8 Hr 48 min 12 Sec,40
https://www.youtube.com/watch?v=TpZrYqBJRLI,Maithili,Null,General,Female,Mahottari,5 Days 8 Hr 48 min 12 Sec,40
https://www.youtube.com/watch?v=xM-7Y4-01MA,Maithili,Null,General,Female,Mahottari,5 Days 8 Hr 48 min 12 Sec,40
https://www.youtube.com/watch?v=QYut_2ZGU28,Maithili,Null,General,Female,Mahottari,5 Days 8 Hr 48 min 12 Sec,40
https://www.youtube.com/watch?v=WF3ZkJAZycc,Maithili,Null,General,Female,Mahottari,5 Days 8 Hr 48 min 12 Sec,40
https://www.youtube.com/watch?v=rGduWziv3bI,Maithili,Null,General,Female,Mahottari,5 Days 8 Hr 48 min 12 Sec,40
https://www.youtube.com/watch?v=vMd5Cff5SXA,Maithili,Null,General,Female,Mahottari,5 Days 8 Hr 48 min 12 Sec,40
https://www.youtube.com/watch?v=SvQtCAnb4ss,Maithili,Null,General,Female,Mahottari,5 Days 8 Hr 48 min 12 Sec,40
https://www.youtube.com/watch?v=JWYtrjOkxQM,Maithili,Null,General,Female,Mahottari,5 Days 8 Hr 48 min 12 Sec,40
https://www.youtube.com/watch?v=fLqugrDwToQ,Maithili,Null,General,Female,Mahottari,5 Days 8 Hr 48 min 12 Sec,40
https://www.youtube.com/watch?v=HrfzAb6-YCQ,Maithili,Null,General,Female,Mahottari,5 Days 8 Hr 48 min 12 Sec,40
https://www.youtube.com/watch?v=RO5JMM0mHxM,Maithili,Null,General,Female,Mahottari,5 Days 8 Hr 48 min 12 Sec,40
https://www.youtube.com/watch?v=pJGIh6OC_1Q,Maithili,Null,General,Female,Mahottari,5 Days 8 Hr 48 min 12 Sec,40
https://www.youtube.com/watch?v=kMkN4wPaUgM,Maithili,Null,General,Female,Mahottari,5 Days 8 Hr 48 min 12 Sec,40
https://www.youtube.com/watch?v=P7vtTCHcUwc,Maithili,Null,General,Female,Mahottari,5 Days 8 Hr 48 min 12 Sec,40
https://www.youtube.com/watch?v=-TbXDdv_pdI,Maithili,Null,General,Female,Mahottari,5 Days 8 Hr 48 min 12 Sec,40
https://www.youtube.com/watch?v=z2gZrK245C8,Maithili,Null,General,Female,Mahottari,5 Days 8 Hr 48 min 12 Sec,40
https://www.youtube.com/watch?v=_oKyATAl7nQ,Maithili,Null,General,Female,Mahottari,5 Days 8 Hr 48 min 12 Sec,40
https://www.youtube.com/watch?v=dJt3QoQpaUw,Maithili,Null,General,Female,Mahottari,5 Days 8 Hr 48 min 12 Sec,40
https://www.youtube.com/watch?v=jWgrlDZUNQg,Maithili,Null,General,Female,Mahottari,5 Days 8 Hr 48 min 12 Sec,40
https://www.youtube.com/watch?v=qAdxt8j8PmM,Maithili,Null,General,Female,Mahottari,5 Days 8 Hr 48 min 12 Sec,40
https://www.youtube.com/watch?v=8OfljtJcrO0,Maithili,Null,General,Female,Mahottari,5 Days 8 Hr 48 min 12 Sec,40
https://www.youtube.com/watch?v=yYuK05QK0Wk,Maithili,Null,General,Female,Mahottari,5 Days 8 Hr 48 min 12 Sec,40
https://www.youtube.com/watch?v=1tkzVuueCjs,Maithili,Null,General,Female,Mahottari,5 Days 8 Hr 48 min 12 Sec,40
https://www.youtube.com/watch?v=QILxY-lwpCM,Maithili,Null,General,Female,Mahottari,5 Days 8 Hr 48 min 12 Sec,40
https://www.youtube.com/watch?v=V_WOwKJKQGI,Maithili,Null,General,Female,Mahottari,5 Days 8 Hr 48 min 12 Sec,40
https://www.youtube.com/watch?v=snm50nQ2hr0,Maithili,Null,General,Female,Mahottari,5 Days 8 Hr 48 min 12 Sec,40
https://www.youtube.com/watch?v=3fMUQHWFGBE,Maithili,Null,General,Female,Mahottari,5 Days 8 Hr 48 min 12 Sec,40
https://www.youtube.com/watch?v=u49E1q1MVjE,Maithili,Null,General,Female,Mahottari,5 Days 8 Hr 48 min 12 Sec,40
https://www.youtube.com/watch?v=LYpOMFYpHUI,Maithili,Null,General,Female,Mahottari,5 Days 8 Hr 48 min 12 Sec,40
https://www.youtube.com/watch?v=E8yu4Lb1Bwk,Maithili,Null,General,Female,Mahottari,5 Days 8 Hr 48 min 12 Sec,40
https://www.youtube.com/watch?v=YKp4ddkn3KI,Maithili,Null,General,Female,Mahottari,5 Days 8 Hr 48 min 12 Sec,40
https://www.youtube.com/watch?v=bGzULSPwXEA,Maithili,Null,General,Female,Mahottari,5 Days 8 Hr 48 min 12 Sec,40
https://www.youtube.com/watch?v=ieuAqj90Y84,Maithili,Null,General,Female,Mahottari,5 Days 8 Hr 48 min 12 Sec,40
https://www.youtube.com/watch?v=FjLU0tiWt6g,Maithili,Null,General,Female,Mahottari,5 Days 8 Hr 48 min 12 Sec,40
https://www.youtube.com/watch?v=d-o5AIfbedQ,Maithili,Null,General,Female,Mahottari,5 Days 8 Hr 48 min 12 Sec,40
https://www.youtube.com/watch?v=tQo_eYr27W0,Maithili,Null,General,Female,Mahottari,5 Days 8 Hr 48 min 12 Sec,40
https://www.youtube.com/watch?v=6Y41UorDrk8,Maithili,Null,General,Female,Mahottari,5 Days 8 Hr 48 min 12 Sec,40
https://www.youtube.com/watch?v=7mT9kRO2kGs,Maithili,Null,General,Female,Mahottari,5 Days 8 Hr 48 min 12 Sec,40
https://www.youtube.com/watch?v=QfQc1DtEmNA,Maithili,Null,General,Female,Mahottari,5 Days 8 Hr 48 min 12 Sec,40
https://www.youtube.com/watch?v=sA-KnRiKi3Q,Maithili,Null,General,Female,Mahottari,5 Days 8 Hr 48 min 12 Sec,40
https://www.youtube.com/watch?v=evT_ZfUzjUw,Maithili,Null,General,Female,Mahottari,5 Days 8 Hr 48 min 12 Sec,40
https://www.youtube.com/watch?v=uVjc1F9J5Jw,Maithili,Null,General,Female,Mahottari,5 Days 8 Hr 48 min 12 Sec,40
https://www.youtube.com/watch?v=k5GFKwwh-iM,Maithili,Null,General,Female,Mahottari,5 Days 8 Hr 48 min 12 Sec,40
https://www.youtube.com/watch?v=JfRNtIrOFp4,Maithili,Null,General,Female,Mahottari,5 Days 8 Hr 48 min 12 Sec,40
https://www.youtube.com/watch?v=g3oitjWwgew,Maithili,Null,General,Female,Mahottari,5 Days 8 Hr 48 min 12 Sec,40
https://www.youtube.com/watch?v=LNqlPyAHWt0,Maithili,Null,General,Female,Mahottari,5 Days 8 Hr 48 min 12 Sec,40
https://www.youtube.com/watch?v=JfJ95LOAWWc,Maithili,Null,General,Female,Mahottari,5 Days 8 Hr 48 min 12 Sec,40
https://www.youtube.com/watch?v=PqRL8PNBQ0E,Maithili,Null,General,Female,Mahottari,5 Days 8 Hr 48 min 12 Sec,40
https://www.youtube.com/watch?v=9dZVgcTcw9o,Maithili,Null,General,Female,Mahottari,5 Days 8 Hr 48 min 12 Sec,40
https://www.youtube.com/watch?v=yX681-jbuww,Maithili,Null,General,Female,Mahottari,5 Days 8 Hr 48 min 12 Sec,40
https://www.youtube.com/watch?v=_l0uuUBfxB0,Maithili,Null,General,Female,Mahottari,5 Days 8 Hr 48 min 12 Sec,40
https://www.youtube.com/watch?v=PyNBn9NEAxw,Maithili,Null,General,Female,Mahottari,5 Days 8 Hr 48 min 12 Sec,40
https://www.youtube.com/watch?v=e2JlXkj51FQ,Maithili,Null,General,Female,Mahottari,5 Days 8 Hr 48 min 12 Sec,40
https://www.youtube.com/watch?v=OHO5MHeNwB8,Maithili,Null,General,Female,Mahottari,5 Days 8 Hr 48 min 12 Sec,40
https://www.youtube.com/watch?v=kWA_dcFOu94,Maithili,Null,General,Female,Mahottari,5 Days 8 Hr 48 min 12 Sec,40
https://www.youtube.com/watch?v=MvgwlVngFLw,Maithili,Null,General,Female,Mahottari,5 Days 8 Hr 48 min 12 Sec,40
https://www.youtube.com/watch?v=6TwqmSUjhkQ,Maithili,Null,General,Female,Mahottari,5 Days 8 Hr 48 min 12 Sec,40
https://www.youtube.com/watch?v=tLJpFpLCVLo,Maithili,Null,General,Female,Mahottari,5 Days 8 Hr 48 min 12 Sec,40
https://www.youtube.com/watch?v=Sw0ixD4Ll7U,Maithili,Null,General,Female,Mahottari,5 Days 8 Hr 48 min 12 Sec,40
https://www.youtube.com/watch?v=x6r6qA2Wln0,Maithili,Null,General,Female,Mahottari,5 Days 8 Hr 48 min 12 Sec,40
https://www.youtube.com/watch?v=6TmjOf6SGRI,Maithili,Null,General,Female,Mahottari,5 Days 8 Hr 48 min 12 Sec,40
https://www.youtube.com/watch?v=joqYfU0r-V0,Maithili,Null,General,Female,Mahottari,5 Days 8 Hr 48 min 12 Sec,40
https://www.youtube.com/watch?v=3sSvSJMtbJM,Maithili,Null,General,Female,Mahottari,5 Days 8 Hr 48 min 12 Sec,40
https://www.youtube.com/watch?v=S9rhjPyCZxU,Maithili,Null,General,Female,Mahottari,5 Days 8 Hr 48 min 12 Sec,40
https://www.youtube.com/watch?v=QPmE2jcAcWA,Maithili,Null,General,Female,Mahottari,5 Days 8 Hr 48 min 12 Sec,40
https://www.youtube.com/watch?v=Uvn35lXiSfI,Maithili,Null,General,Female,Mahottari,5 Days 8 Hr 48 min 12 Sec,40
https://www.youtube.com/watch?v=-8l0tpTfkxw,Maithili,Null,General,Female,Mahottari,5 Days 8 Hr 48 min 12 Sec,40
https://www.youtube.com/watch?v=CNwZ4GBX1bs,Maithili,Null,General,Female,Mahottari,5 Days 8 Hr 48 min 12 Sec,40
https://www.youtube.com/watch?v=tPRrVL_YRn0,Maithili,Null,General,Female,Mahottari,5 Days 8 Hr 48 min 12 Sec,40
https://www.youtube.com/watch?v=2dsrQNpzrYg,Maithili,Null,General,Female,Mahottari,5 Days 8 Hr 48 min 12 Sec,40
https://www.youtube.com/watch?v=mIOjKaM-9WA,Maithili,Null,General,Female,Mahottari,5 Days 8 Hr 48 min 12 Sec,40
https://www.youtube.com/watch?v=hdcWzib5XHE,Maithili,Null,General,Female,Mahottari,5 Days 8 Hr 48 min 12 Sec,40
https://www.youtube.com/watch?v=TVN4-5sXsdo,Maithili,Null,General,Female,Mahottari,5 Days 8 Hr 48 min 12 Sec,40
https://www.youtube.com/watch?v=TSTTg3UWPnU,Maithili,Null,General,Female,Mahottari,5 Days 8 Hr 48 min 12 Sec,40
https://www.youtube.com/watch?v=fPKUqgu14FE,Maithili,Null,General,Female,Mahottari,5 Days 8 Hr 48 min 12 Sec,40
https://www.youtube.com/watch?v=3jL9dpmK9vk,Maithili,Null,General,Female,Mahottari,5 Days 8 Hr 48 min 12 Sec,40
https://www.youtube.com/watch?v=G8QQhBzSZ_g,Maithili,Null,General,Female,Mahottari,5 Days 8 Hr 48 min 12 Sec,40
https://www.youtube.com/watch?v=FldRUJkaDmQ,Maithili,Null,General,Female,Mahottari,5 Days 8 Hr 48 min 12 Sec,40
https://www.youtube.com/watch?v=o4__jb4F-Ps,Maithili,Null,General,Female,Mahottari,5 Days 8 Hr 48 min 12 Sec,40
https://www.youtube.com/watch?v=YNcSYLSx2I8,Maithili,Null,General,Female,Mahottari,5 Days 8 Hr 48 min 12 Sec,40
https://www.youtube.com/watch?v=kpLOK6IKFB8,Maithili,Null,General,Female,Mahottari,5 Days 8 Hr 48 min 12 Sec,40
https://www.youtube.com/watch?v=RXk-Ij5D0-M,Maithili,Null,General,Female,Mahottari,5 Days 8 Hr 48 min 12 Sec,40
https://www.youtube.com/watch?v=PwkkMRxW28Y,Maithili,Null,General,Female,Mahottari,5 Days 8 Hr 48 min 12 Sec,40
https://www.youtube.com/watch?v=zBEjoTI9Kv0,Maithili,Null,General,Female,Mahottari,5 Days 8 Hr 48 min 12 Sec,40
https://www.youtube.com/watch?v=wzngdop9sq0,Maithili,Null,General,Female,Mahottari,5 Days 8 Hr 48 min 12 Sec,40
https://www.youtube.com/watch?v=2AOju1-eqhc,Maithili,Null,General,Female,Mahottari,5 Days 8 Hr 48 min 12 Sec,40
https://www.youtube.com/watch?v=B-ivvxCUbj8,Maithili,Null,General,Female,Mahottari,5 Days 8 Hr 48 min 12 Sec,40
https://www.youtube.com/watch?v=CNNwXHS2HZk,Maithili,Null,General,Female,Mahottari,5 Days 8 Hr 48 min 12 Sec,40
https://www.youtube.com/watch?v=9I6xSV8Edns,Maithili,Null,General,Female,Mahottari,5 Days 8 Hr 48 min 12 Sec,40
https://www.youtube.com/watch?v=LggeHBOdb0I,Maithili,Null,General,Female,Mahottari,5 Days 8 Hr 48 min 12 Sec,40
https://www.youtube.com/watch?v=R9ihaAYpQxc,Maithili,Null,General,Female,Mahottari,5 Days 8 Hr 48 min 12 Sec,40
https://www.youtube.com/watch?v=BuOJpVHJcNk,Maithili,Null,General,Female,Mahottari,5 Days 8 Hr 48 min 12 Sec,40
https://www.youtube.com/watch?v=bBZXoFbOFVk,Maithili,Null,General,Female,Mahottari,5 Days 8 Hr 48 min 12 Sec,40
https://www.youtube.com/watch?v=yuVSFLxRFtA,Maithili,Null,General,Female,Mahottari,5 Days 8 Hr 48 min 12 Sec,40
https://www.youtube.com/watch?v=UCBcvrH7yiw,Maithili,Null,General,Female,Mahottari,5 Days 8 Hr 48 min 12 Sec,40
https://www.youtube.com/watch?v=ng0pwIExgh4,Maithili,Null,General,Female,Mahottari,5 Days 8 Hr 48 min 12 Sec,40
https://www.youtube.com/watch?v=x12R-Lafkvo,Maithili,Null,General,Female,Mahottari,5 Days 8 Hr 48 min 12 Sec,40
https://www.youtube.com/watch?v=_29GtdvmQOE,Maithili,Null,General,Female,Mahottari,5 Days 8 Hr 48 min 12 Sec,40
https://www.youtube.com/watch?v=JDbGRYp6dhE,Maithili,Null,General,Female,Mahottari,5 Days 8 Hr 48 min 12 Sec,40
https://www.youtube.com/watch?v=oSrvMiBAMWI,Maithili,Null,General,Female,Mahottari,5 Days 8 Hr 48 min 12 Sec,40
https://www.youtube.com/watch?v=6pw1RrRg9Do,Maithili,Null,General,Female,Mahottari,5 Days 8 Hr 48 min 12 Sec,40
https://www.youtube.com/watch?v=LxvGLOBXzak,Maithili,Null,General,Female,Mahottari,5 Days 8 Hr 48 min 12 Sec,40
https://www.youtube.com/watch?v=ldca3khx9XI,Maithili,Null,General,Female,Mahottari,5 Days 8 Hr 48 min 12 Sec,40
https://www.youtube.com/watch?v=qAtWRI_K1mw,Maithili,Null,General,Female,Mahottari,5 Days 8 Hr 48 min 12 Sec,40
https://www.youtube.com/watch?v=mFONcCfrqYU,Maithili,Null,General,Female,Mahottari,5 Days 8 Hr 48 min 12 Sec,40
https://www.youtube.com/watch?v=s2JjN7iOu3M,Maithili,Null,General,Female,Mahottari,5 Days 8 Hr 48 min 12 Sec,40
https://www.youtube.com/watch?v=nJ0VOGW4Cv4,Maithili,Null,General,Female,Mahottari,5 Days 8 Hr 48 min 12 Sec,40
https://www.youtube.com/watch?v=Yp0urjYaWXA,Maithili,Null,General,Female,Mahottari,5 Days 8 Hr 48 min 12 Sec,40
https://www.youtube.com/watch?v=I7T0pMI5XRU,Maithili,Null,General,Female,Mahottari,5 Days 8 Hr 48 min 12 Sec,40
https://www.youtube.com/watch?v=emslgWQZpfo,Maithili,Null,General,Female,Mahottari,5 Days 8 Hr 48 min 12 Sec,40
https://www.youtube.com/watch?v=NWqsCwUkJ9M,Maithili,Null,General,Female,Mahottari,5 Days 8 Hr 48 min 12 Sec,40
https://www.youtube.com/watch?v=zvAhACtmLl4,Maithili,Null,General,Female,Mahottari,5 Days 8 Hr 48 min 12 Sec,40
https://www.youtube.com/watch?v=7YxA2fzfLJo,Maithili,Null,General,Female,Mahottari,5 Days 8 Hr 48 min 12 Sec,40
https://www.youtube.com/watch?v=ZIynHHECGWw,Maithili,Null,General,Female,Mahottari,5 Days 8 Hr 48 min 12 Sec,40
https://www.youtube.com/watch?v=XJR9T3w9R5s,Maithili,Null,General,Female,Mahottari,5 Days 8 Hr 48 min 12 Sec,40
https://www.youtube.com/watch?v=juuGKx5sdFc,Maithili,Null,General,Female,Mahottari,5 Days 8 Hr 48 min 12 Sec,40
https://www.youtube.com/watch?v=3EdSqWuHYTI,Maithili,Null,General,Female,Mahottari,5 Days 8 Hr 48 min 12 Sec,40
https://www.youtube.com/watch?v=MCsHAFLGCZI,Maithili,Null,General,Female,Mahottari,5 Days 8 Hr 48 min 12 Sec,40
https://www.youtube.com/watch?v=prWRcEKH6XU,Maithili,Null,General,Female,Mahottari,5 Days 8 Hr 48 min 12 Sec,40
https://www.youtube.com/watch?v=Pt6iH1aExNY,Maithili,Null,General,Female,Mahottari,5 Days 8 Hr 48 min 12 Sec,40
https://www.youtube.com/watch?v=a5h5WalRRSs,Maithili,Null,General,Female,Mahottari,5 Days 8 Hr 48 min 12 Sec,40
https://www.youtube.com/watch?v=Xb6kGaSvNgE,Maithili,Null,General,Female,Mahottari,5 Days 8 Hr 48 min 12 Sec,40
https://www.youtube.com/watch?v=wcevPy17Nrc,Maithili,Null,General,Female,Mahottari,5 Days 8 Hr 48 min 12 Sec,40
https://www.youtube.com/watch?v=VKkzq63WAYE,Maithili,Null,General,Female,Mahottari,5 Days 8 Hr 48 min 12 Sec,40
https://www.youtube.com/watch?v=MMPurhyO5Lo,Maithili,Null,General,Female,Mahottari,5 Days 8 Hr 48 min 12 Sec,40
https://www.youtube.com/watch?v=G3HSlfqDtRU,Maithili,Null,General,Female,Mahottari,5 Days 8 Hr 48 min 12 Sec,40
https://www.youtube.com/watch?v=GEmSjnEx70g,Maithili,Null,General,Female,Mahottari,5 Days 8 Hr 48 min 12 Sec,40
https://www.youtube.com/watch?v=nzkwMrKt6E0,Maithili,Null,General,Female,Mahottari,5 Days 8 Hr 48 min 12 Sec,40
https://www.youtube.com/watch?v=6UG8XZQrtxA,Maithili,Null,General,Female,Mahottari,5 Days 8 Hr 48 min 12 Sec,40
https://www.youtube.com/watch?v=N-E9TQnGuPc,Maithili,Null,General,Female,Mahottari,5 Days 8 Hr 48 min 12 Sec,40
https://www.youtube.com/watch?v=esqBAM-1_ig,Maithili,Null,General,Female,Mahottari,5 Days 8 Hr 48 min 12 Sec,40
https://www.youtube.com/watch?v=7Bq1lmvVM5c,Maithili,Null,General,Female,Mahottari,5 Days 8 Hr 48 min 12 Sec,40
https://www.youtube.com/watch?v=5DqezeFjfYM,Maithili,Null,General,Female,Mahottari,5 Days 8 Hr 48 min 12 Sec,40
https://www.youtube.com/watch?v=ITS-R5wEi0E,Maithili,Null,General,Female,Mahottari,5 Days 8 Hr 48 min 12 Sec,40
https://www.youtube.com/watch?v=NJrYXc-Nygs,Maithili,Null,General,Female,Mahottari,5 Days 8 Hr 48 min 12 Sec,40
https://www.youtube.com/watch?v=nb6C3yylJKU,Maithili,Null,General,Female,Mahottari,5 Days 8 Hr 48 min 12 Sec,40
https://www.youtube.com/watch?v=ptZOgFUZo_M,Maithili,Null,General,Female,Mahottari,5 Days 8 Hr 48 min 12 Sec,40
https://www.youtube.com/watch?v=o6SYpO6j1g4,Maithili,Null,General,Female,Mahottari,5 Days 8 Hr 48 min 12 Sec,40
https://www.youtube.com/watch?v=zA8XLbh9NhI,Maithili,Null,General,Female,Mahottari,5 Days 8 Hr 48 min 12 Sec,40
https://www.youtube.com/watch?v=U6ucD-JQ9Iw,Maithili,Null,General,Female,Mahottari,5 Days 8 Hr 48 min 12 Sec,40
https://www.youtube.com/watch?v=mJQL1HZYhEM,Maithili,Null,General,Female,Mahottari,5 Days 8 Hr 48 min 12 Sec,40
https://www.youtube.com/watch?v=Ty3ZnRLP6cU,Maithili,Null,General,Female,Mahottari,5 Days 8 Hr 48 min 12 Sec,40
https://www.youtube.com/watch?v=0Sk3JJ3eBU0,Maithili,Null,General,Female,Mahottari,5 Days 8 Hr 48 min 12 Sec,40
https://www.youtube.com/watch?v=hkhDLLWla6A,Maithili,Null,General,Female,Mahottari,5 Days 8 Hr 48 min 12 Sec,40
https://www.youtube.com/watch?v=K0gC5PAquVA,Maithili,Null,General,Female,Mahottari,5 Days 8 Hr 48 min 12 Sec,40
https://www.youtube.com/watch?v=CTTLOIZoL1U,Maithili,Null,General,Female,Mahottari,5 Days 8 Hr 48 min 12 Sec,40
https://www.youtube.com/watch?v=ycgo25wyJQE,Maithili,Null,General,Female,Mahottari,5 Days 8 Hr 48 min 12 Sec,40
https://www.youtube.com/watch?v=jNfgJpGDjww,Maithili,Null,General,Female,Mahottari,5 Days 8 Hr 48 min 12 Sec,40
https://www.youtube.com/watch?v=FqIBUF5jaQ8,Maithili,Null,General,Female,Mahottari,5 Days 8 Hr 48 min 12 Sec,40
https://www.youtube.com/watch?v=g9-zgCAkeck,Maithili,Null,General,Female,Mahottari,5 Days 8 Hr 48 min 12 Sec,40
https://www.youtube.com/watch?v=EfoK6GhjXoU,Maithili,Null,General,Female,Mahottari,5 Days 8 Hr 48 min 12 Sec,40
https://www.youtube.com/watch?v=YUAAlD9uy9o,Maithili,Null,General,Female,Mahottari,5 Days 8 Hr 48 min 12 Sec,40
https://www.youtube.com/watch?v=a9_F71svEFI,Maithili,Null,General,Female,Mahottari,5 Days 8 Hr 48 min 12 Sec,40
https://www.youtube.com/watch?v=xhrO9FsAWYs,Maithili,Null,General,Female,Mahottari,5 Days 8 Hr 48 min 12 Sec,40
https://www.youtube.com/watch?v=HXF6002-VbI,Maithili,Null,General,Female,Mahottari,5 Days 8 Hr 48 min 12 Sec,40
https://www.youtube.com/watch?v=bz7-THDW9Yg,Maithili,Null,General,Female,Mahottari,5 Days 8 Hr 48 min 12 Sec,40
https://www.youtube.com/watch?v=kw9nML3CCFs,Maithili,Null,General,Female,Mahottari,5 Days 8 Hr 48 min 12 Sec,40
https://www.youtube.com/watch?v=-kp83GWeJEE,Maithili,Null,General,Female,Mahottari,5 Days 8 Hr 48 min 12 Sec,40
https://www.youtube.com/watch?v=9-SPejnsNvs,Maithili,Null,General,Female,Mahottari,5 Days 8 Hr 48 min 12 Sec,40
https://www.youtube.com/watch?v=XmCoNqktvgo,Maithili,Null,General,Female,Mahottari,5 Days 8 Hr 48 min 12 Sec,40
https://www.youtube.com/watch?v=EPFhvxmbWO0,Maithili,Null,General,Female,Mahottari,5 Days 8 Hr 48 min 12 Sec,40
https://www.youtube.com/watch?v=isTDGD9PzAE,Maithili,Null,General,Female,Mahottari,5 Days 8 Hr 48 min 12 Sec,40
https://www.youtube.com/watch?v=5IPWey_wrWw,Maithili,Null,General,Female,Mahottari,5 Days 8 Hr 48 min 12 Sec,40
https://www.youtube.com/watch?v=xnx16c3jFY8,Maithili,Null,General,Female,Mahottari,5 Days 8 Hr 48 min 12 Sec,40
https://www.youtube.com/watch?v=Rnu92yZkKLU,Maithili,Null,General,Female,Mahottari,5 Days 8 Hr 48 min 12 Sec,40
https://www.youtube.com/watch?v=o-yioWOom4U,Maithili,Null,General,Female,Mahottari,5 Days 8 Hr 48 min 12 Sec,40
https://www.youtube.com/watch?v=X2stbwS3gKM,Maithili,Null,General,Female,Mahottari,5 Days 8 Hr 48 min 12 Sec,40
https://www.youtube.com/watch?v=nReZFmc0mLk,Maithili,Null,General,Female,Mahottari,5 Days 8 Hr 48 min 12 Sec,40
https://www.youtube.com/watch?v=yPDP5AzJOBQ,Maithili,Null,General,Female,Mahottari,5 Days 8 Hr 48 min 12 Sec,40
https://www.youtube.com/watch?v=46EAzRIo3XE,Maithili,Null,General,Female,Mahottari,5 Days 8 Hr 48 min 12 Sec,40
https://www.youtube.com/watch?v=igYt8eXo4sw,Maithili,Null,General,Female,Mahottari,5 Days 8 Hr 48 min 12 Sec,40
https://www.youtube.com/watch?v=qBp744uozhE,Maithili,Null,General,Female,Mahottari,5 Days 8 Hr 48 min 12 Sec,40
https://www.youtube.com/watch?v=Q5bpSTVi_es,Maithili,Null,General,Female,Mahottari,5 Days 8 Hr 48 min 12 Sec,40
https://www.youtube.com/watch?v=pahz2ZY_XNQ,Maithili,Null,General,Female,Mahottari,5 Days 8 Hr 48 min 12 Sec,40
https://www.youtube.com/watch?v=6a7R1GS0Oz8,Maithili,Null,General,Female,Mahottari,5 Days 8 Hr 48 min 12 Sec,40
https://www.youtube.com/watch?v=LLxdQA25TGo,Maithili,Null,General,Female,Mahottari,5 Days 8 Hr 48 min 12 Sec,40
https://www.youtube.com/watch?v=e-VDkoAKjeA,Maithili,Null,General,Female,Mahottari,5 Days 8 Hr 48 min 12 Sec,40
https://www.youtube.com/watch?v=4rMuNac9mhI,Maithili,Null,General,Female,Mahottari,5 Days 8 Hr 48 min 12 Sec,40
https://www.youtube.com/watch?v=c_c4LTz7LOE,Maithili,Null,General,Female,Mahottari,5 Days 8 Hr 48 min 12 Sec,40
https://www.youtube.com/watch?v=yRUL6ontDqA,Maithili,Null,General,Female,Mahottari,5 Days 8 Hr 48 min 12 Sec,40
https://www.youtube.com/watch?v=tf3NGqFCr6A,Maithili,Null,General,Female,Mahottari,5 Days 8 Hr 48 min 12 Sec,40
https://www.youtube.com/watch?v=Yevu17lFhTc,Maithili,Null,General,Female,Mahottari,5 Days 8 Hr 48 min 12 Sec,40
https://www.youtube.com/watch?v=Hki4oK1sAvA,Maithili,Null,General,Female,Mahottari,5 Days 8 Hr 48 min 12 Sec,40
https://www.youtube.com/watch?v=qpl84T7snkU,Maithili,Null,General,Female,Mahottari,5 Days 8 Hr 48 min 12 Sec,40
https://www.youtube.com/watch?v=9EKea9BubRQ,Maithili,Null,General,Female,Mahottari,5 Days 8 Hr 48 min 12 Sec,40
https://www.youtube.com/watch?v=uYnxyhEZAPE,Maithili,Null,General,Female,Mahottari,5 Days 8 Hr 48 min 12 Sec,40
https://www.youtube.com/watch?v=NedpWCrjCEg,Maithili,Null,General,Female,Mahottari,5 Days 8 Hr 48 min 12 Sec,40
https://www.youtube.com/watch?v=Hp6AYdczdLI,Maithili,Null,General,Female,Mahottari,5 Days 8 Hr 48 min 12 Sec,40
https://www.youtube.com/watch?v=w79Pk2tqLYo,Maithili,Null,General,Female,Mahottari,5 Days 8 Hr 48 min 12 Sec,40
https://www.youtube.com/watch?v=3c4TEHXAGK0,Maithili,Null,General,Female,Mahottari,5 Days 8 Hr 48 min 12 Sec,40
https://www.youtube.com/watch?v=giWjaqoH2lE,Maithili,Null,General,Female,Mahottari,5 Days 8 Hr 48 min 12 Sec,40
https://www.youtube.com/watch?v=vCt1kKm4S4k,Maithili,Null,General,Female,Mahottari,5 Days 8 Hr 48 min 12 Sec,40
https://www.youtube.com/watch?v=hEZkRkK-Izk,Maithili,Null,General,Female,Mahottari,5 Days 8 Hr 48 min 12 Sec,40
https://www.youtube.com/watch?v=S1t9bXYct34,Maithili,Null,General,Female,Mahottari,5 Days 8 Hr 48 min 12 Sec,40
https://www.youtube.com/watch?v=7dRtTD3BYKk,Maithili,Null,General,Female,Mahottari,5 Days 8 Hr 48 min 12 Sec,40
https://www.youtube.com/watch?v=2pBtfby8WbY,Maithili,Null,General,Female,Mahottari,5 Days 8 Hr 48 min 12 Sec,40
https://www.youtube.com/watch?v=-nhqcrlSeqo,Maithili,Null,General,Female,Mahottari,5 Days 8 Hr 48 min 12 Sec,40
https://www.youtube.com/watch?v=nlA2K2hHKA8,Maithili,Null,General,Female,Mahottari,5 Days 8 Hr 48 min 12 Sec,40
https://www.youtube.com/watch?v=6jWu2nNWag8,Maithili,Null,General,Female,Mahottari,5 Days 8 Hr 48 min 12 Sec,40
https://www.youtube.com/watch?v=WneO8IH-DLE,Maithili,Null,General,Female,Mahottari,5 Days 8 Hr 48 min 12 Sec,40
https://www.youtube.com/watch?v=0Z2QEPiwWFM,Maithili,Null,General,Female,Mahottari,5 Days 8 Hr 48 min 12 Sec,40
https://www.youtube.com/watch?v=7pRrielVyj8,Maithili,Null,General,Female,Mahottari,5 Days 8 Hr 48 min 12 Sec,40
https://www.youtube.com/watch?v=OmJJkpIj3Gw,Maithili,Null,General,Female,Mahottari,5 Days 8 Hr 48 min 12 Sec,40
https://www.youtube.com/watch?v=zg0BkoSgeY8,Maithili,Null,General,Female,Mahottari,5 Days 8 Hr 48 min 12 Sec,40
https://www.youtube.com/watch?v=ieifiuaKpKg,Maithili,Null,General,Female,Mahottari,5 Days 8 Hr 48 min 12 Sec,40
https://www.youtube.com/watch?v=4VIBojbfVA8,Maithili,Null,General,Female,Mahottari,5 Days 8 Hr 48 min 12 Sec,40
https://www.youtube.com/watch?v=Ysp5p_3JQPA,Maithili,Null,General,Female,Mahottari,5 Days 8 Hr 48 min 12 Sec,40
https://www.youtube.com/watch?v=m3qza8kpoMQ,Maithili,Null,General,Female,Mahottari,5 Days 8 Hr 48 min 12 Sec,40
https://www.youtube.com/watch?v=UBCU1SsqrJw,Maithili,Null,General,Female,Mahottari,5 Days 8 Hr 48 min 12 Sec,40
https://www.youtube.com/watch?v=XGarwEnlWN8,Maithili,Null,General,Female,Mahottari,5 Days 8 Hr 48 min 12 Sec,40
https://www.youtube.com/watch?v=0l0qBAply10,Maithili,Null,General,Female,Mahottari,5 Days 8 Hr 48 min 12 Sec,40
https://www.youtube.com/watch?v=Sb9DwiSRFIk,Maithili,Null,General,Female,Mahottari,5 Days 8 Hr 48 min 12 Sec,40
https://www.youtube.com/watch?v=IcymWylO5f4,Maithili,Null,General,Female,Mahottari,5 Days 8 Hr 48 min 12 Sec,40
https://www.youtube.com/watch?v=EmYPTHSDx60,Maithili,Null,General,Female,Mahottari,5 Days 8 Hr 48 min 12 Sec,40
https://www.youtube.com/watch?v=yzdG059XMck,Maithili,Null,General,Female,Mahottari,5 Days 8 Hr 48 min 12 Sec,40
https://www.youtube.com/watch?v=xTHJL-7PALI,Maithili,Null,General,Female,Mahottari,5 Days 8 Hr 48 min 12 Sec,40
https://www.youtube.com/watch?v=K00tL0-1CO4,Maithili,Null,General,Female,Mahottari,5 Days 8 Hr 48 min 12 Sec,40
https://www.youtube.com/watch?v=JoVfh8iTVqM,Maithili,Null,General,Female,Mahottari,5 Days 8 Hr 48 min 12 Sec,40
https://www.youtube.com/watch?v=Tk013Y9Ayy8,Maithili,Null,General,Female,Mahottari,5 Days 8 Hr 48 min 12 Sec,40
https://www.youtube.com/watch?v=xtPthO_nGTI,Maithili,Null,General,Female,Mahottari,5 Days 8 Hr 48 min 12 Sec,40
https://www.youtube.com/watch?v=buY9U05h4Q0,Maithili,Null,General,Female,Mahottari,5 Days 8 Hr 48 min 12 Sec,40
https://www.youtube.com/watch?v=eN5-P8fVEKY,Maithili,Null,General,Female,Mahottari,5 Days 8 Hr 48 min 12 Sec,40
https://www.youtube.com/watch?v=vWtkwZS_J6U,Maithili,Null,General,Female,Mahottari,5 Days 8 Hr 48 min 12 Sec,40
https://www.youtube.com/watch?v=OAUCJueGPnU,Maithili,Null,General,Female,Mahottari,5 Days 8 Hr 48 min 12 Sec,40
https://www.youtube.com/watch?v=qRSTvKeuy8w,Maithili,Null,General,Female,Mahottari,5 Days 8 Hr 48 min 12 Sec,40
https://www.youtube.com/watch?v=q1rKp1EhfHc,Maithili,Null,General,Female,Mahottari,5 Days 8 Hr 48 min 12 Sec,40
https://www.youtube.com/watch?v=mNrj5x4thS0,Maithili,Null,General,Female,Mahottari,5 Days 8 Hr 48 min 12 Sec,40
https://www.youtube.com/watch?v=RKgyRGmprjs,Maithili,Null,General,Female,Mahottari,5 Days 8 Hr 48 min 12 Sec,40
https://www.youtube.com/watch?v=YpuGHMUisoE,Maithili,Null,General,Female,Mahottari,5 Days 8 Hr 48 min 12 Sec,40
https://www.youtube.com/watch?v=Aop-uNuppcM,Maithili,Null,General,Female,Mahottari,5 Days 8 Hr 48 min 12 Sec,40
https://www.youtube.com/watch?v=5fLsbY4ubCw,Maithili,Null,General,Female,Mahottari,5 Days 8 Hr 48 min 12 Sec,40
https://www.youtube.com/watch?v=VpxBtVo00dc,Maithili,Null,General,Female,Mahottari,5 Days 8 Hr 48 min 12 Sec,40
https://www.youtube.com/watch?v=GjgUjIimuaw,Maithili,Null,General,Female,Mahottari,5 Days 8 Hr 48 min 12 Sec,40
https://www.youtube.com/watch?v=gBHCHYA5Uwk,Maithili,Null,General,Female,Mahottari,5 Days 8 Hr 48 min 12 Sec,40
https://www.youtube.com/watch?v=s4l9yIhVF_I,Maithili,Null,General,Female,Mahottari,5 Days 8 Hr 48 min 12 Sec,40
https://www.youtube.com/watch?v=VujizwB26BY,Maithili,Null,General,Female,Mahottari,5 Days 8 Hr 48 min 12 Sec,40
https://www.youtube.com/watch?v=mRO8VcXUCJU,Maithili,Null,General,Female,Mahottari,5 Days 8 Hr 48 min 12 Sec,40
https://www.youtube.com/watch?v=Lz0S1IsCS9g,Maithili,Null,General,Female,Mahottari,5 Days 8 Hr 48 min 12 Sec,40
https://www.youtube.com/watch?v=eCcCqtp_Vr8,Maithili,Null,General,Female,Mahottari,5 Days 8 Hr 48 min 12 Sec,40
https://www.youtube.com/watch?v=RdY4-XKz3Jg,Maithili,Null,General,Female,Mahottari,5 Days 8 Hr 48 min 12 Sec,40
https://www.youtube.com/watch?v=XBFV9TjMXTw,Maithili,Null,General,Female,Mahottari,5 Days 8 Hr 48 min 12 Sec,40
https://www.youtube.com/watch?v=AT97S4bwVzE,Maithili,Null,General,Female,Mahottari,5 Days 8 Hr 48 min 12 Sec,40
https://www.youtube.com/watch?v=8q0TiOnbxYk,Maithili,Null,General,Female,Mahottari,5 Days 8 Hr 48 min 12 Sec,40
https://www.youtube.com/watch?v=MWqXkk5wU7A,Maithili,Null,General,Female,Mahottari,5 Days 8 Hr 48 min 12 Sec,40
https://www.youtube.com/watch?v=kHs7oF-1lHU,Maithili,Null,General,Female,Mahottari,5 Days 8 Hr 48 min 12 Sec,40
https://www.youtube.com/watch?v=ikqiMd7nXVc,Maithili,Null,General,Female,Mahottari,5 Days 8 Hr 48 min 12 Sec,40
https://www.youtube.com/watch?v=vGFkZuJ5y6c,Maithili,Null,General,Female,Mahottari,5 Days 8 Hr 48 min 12 Sec,40
https://www.youtube.com/watch?v=fyau4jXENow,Maithili,Null,General,Female,Mahottari,5 Days 8 Hr 48 min 12 Sec,40
https://www.youtube.com/watch?v=PC3heI5s9bI,Maithili,Null,General,Female,Mahottari,5 Days 8 Hr 48 min 12 Sec,40
https://www.youtube.com/watch?v=TepX4CaUwhw,Maithili,Null,General,Female,Mahottari,5 Days 8 Hr 48 min 12 Sec,40
https://www.youtube.com/watch?v=Fv4XjPyBnbs,Maithili,Null,General,Female,Mahottari,5 Days 8 Hr 48 min 12 Sec,40
https://www.youtube.com/watch?v=53UcZ_RMAXw,Maithili,Null,General,Female,Mahottari,5 Days 8 Hr 48 min 12 Sec,40
https://www.youtube.com/watch?v=F3rtLNqfaZU,Maithili,Null,General,Female,Mahottari,5 Days 8 Hr 48 min 12 Sec,40
https://www.youtube.com/watch?v=O5KpZY-zCQs,Maithili,Null,General,Female,Mahottari,5 Days 8 Hr 48 min 12 Sec,40
https://www.youtube.com/watch?v=NDvsUy64kPc,Maithili,Null,General,Female,Mahottari,5 Days 8 Hr 48 min 12 Sec,40
https://www.youtube.com/watch?v=Njk3xZ1YkMo,Maithili,Null,General,Female,Mahottari,5 Days 8 Hr 48 min 12 Sec,40
https://www.youtube.com/watch?v=EJ4jKtmTXQA,Maithili,Null,General,Female,Mahottari,5 Days 8 Hr 48 min 12 Sec,40
https://www.youtube.com/watch?v=uWP8S5YcrnY,Maithili,Null,General,Female,Mahottari,5 Days 8 Hr 48 min 12 Sec,40
https://www.youtube.com/watch?v=jNbikNInxao,Maithili,Null,General,Female,Mahottari,5 Days 8 Hr 48 min 12 Sec,40
https://www.youtube.com/watch?v=NOjGEvySgXc,Maithili,Null,General,Female,Mahottari,5 Days 8 Hr 48 min 12 Sec,40
https://www.youtube.com/watch?v=fP4A7TK8WC4,Maithili,Null,General,Female,Mahottari,5 Days 8 Hr 48 min 12 Sec,40
https://www.youtube.com/watch?v=fTkAuijKOjg,Maithili,Null,General,Female,Mahottari,5 Days 8 Hr 48 min 12 Sec,40
https://www.youtube.com/watch?v=-birElbfQ8Y,Maithili,Null,General,Female,Mahottari,5 Days 8 Hr 48 min 12 Sec,40
https://www.youtube.com/watch?v=J5pCHfOXnMw,Maithili,Null,General,Female,Mahottari,5 Days 8 Hr 48 min 12 Sec,40
https://www.youtube.com/watch?v=ZG0kFkqypJ8,Maithili,Null,General,Female,Mahottari,5 Days 8 Hr 48 min 12 Sec,40
https://www.youtube.com/watch?v=6hAvoHwnOjs,Maithili,Null,General,Female,Mahottari,5 Days 8 Hr 48 min 12 Sec,40
https://www.youtube.com/watch?v=0wvc9QUC7_E,Maithili,Null,General,Female,Mahottari,5 Days 8 Hr 48 min 12 Sec,40
https://www.youtube.com/watch?v=4saRHHK887Y,Maithili,Null,General,Female,Mahottari,5 Days 8 Hr 48 min 12 Sec,40
https://www.youtube.com/watch?v=dq4YUAIbVNU,Maithili,Null,General,Female,Mahottari,5 Days 8 Hr 48 min 12 Sec,40
https://www.youtube.com/watch?v=59Rv-UXdHNk,Maithili,Null,General,Female,Mahottari,5 Days 8 Hr 48 min 12 Sec,40
https://www.youtube.com/watch?v=M3tQ_aacIGA,Maithili,Null,General,Female,Mahottari,5 Days 8 Hr 48 min 12 Sec,40
https://www.youtube.com/watch?v=6OJw9ohR2aY,Maithili,Null,General,Female,Mahottari,5 Days 8 Hr 48 min 12 Sec,40
https://www.youtube.com/watch?v=DyzkWxbxy6o,Maithili,Null,General,Female,Mahottari,5 Days 8 Hr 48 min 12 Sec,40
https://www.youtube.com/watch?v=4HoGJAnKuzs,Maithili,Null,General,Female,Mahottari,5 Days 8 Hr 48 min 12 Sec,40
https://www.youtube.com/watch?v=UYxQoYNXB2Y,Maithili,Null,General,Female,Mahottari,5 Days 8 Hr 48 min 12 Sec,40
https://www.youtube.com/watch?v=OtY_FzxPR1o,Maithili,Null,General,Female,Mahottari,5 Days 8 Hr 48 min 12 Sec,40
https://www.youtube.com/watch?v=I4AEofntjnU,Maithili,Null,General,Female,Mahottari,5 Days 8 Hr 48 min 12 Sec,40
https://www.youtube.com/watch?v=84mfKC1b238,Maithili,Null,General,Female,Mahottari,5 Days 8 Hr 48 min 12 Sec,40
https://www.youtube.com/watch?v=VrqOG46ThaM,Maithili,Null,General,Female,Mahottari,5 Days 8 Hr 48 min 12 Sec,40
https://www.youtube.com/watch?v=ZR1xJg4W0ds,Maithili,Null,General,Female,Mahottari,5 Days 8 Hr 48 min 12 Sec,40
https://www.youtube.com/watch?v=bfHA2vMG-1g,Maithili,Null,General,Female,Mahottari,5 Days 8 Hr 48 min 12 Sec,40
https://www.youtube.com/watch?v=gjjk6sRExjk,Maithili,Null,General,Female,Mahottari,5 Days 8 Hr 48 min 12 Sec,40
https://www.youtube.com/watch?v=A0NKmHzcmtw,Maithili,Null,General,Female,Mahottari,5 Days 8 Hr 48 min 12 Sec,40
https://www.youtube.com/watch?v=RTGVMVTWY28,Maithili,Null,General,Female,Mahottari,5 Days 8 Hr 48 min 12 Sec,40
https://www.youtube.com/watch?v=D966PmxM3Kk,Maithili,Null,General,Female,Mahottari,5 Days 8 Hr 48 min 12 Sec,40
https://www.youtube.com/watch?v=tbQ2qZmEeRQ,Maithili,Null,General,Female,Mahottari,5 Days 8 Hr 48 min 12 Sec,40
https://www.youtube.com/watch?v=13cH3Rr9R_0,Maithili,Null,General,Female,Mahottari,5 Days 8 Hr 48 min 12 Sec,40
https://www.youtube.com/watch?v=Lx0ZHyT1Gz4,Maithili,Null,General,Female,Mahottari,5 Days 8 Hr 48 min 12 Sec,40
https://www.youtube.com/watch?v=IJAVQbo3XD8,Maithili,Null,General,Female,Mahottari,5 Days 8 Hr 48 min 12 Sec,40
https://www.youtube.com/watch?v=vZKA0qu5wQA,Maithili,Null,General,Female,Mahottari,5 Days 8 Hr 48 min 12 Sec,40
https://www.youtube.com/watch?v=hkZbpXqXFIM,Maithili,Null,General,Female,Mahottari,5 Days 8 Hr 48 min 12 Sec,40
https://www.youtube.com/watch?v=JTrdKKyu8QM,Maithili,Null,General,Female,Mahottari,5 Days 8 Hr 48 min 12 Sec,40
https://www.youtube.com/watch?v=O2_p98UdGDQ,Maithili,Null,General,Female,Mahottari,5 Days 8 Hr 48 min 12 Sec,40
https://www.youtube.com/watch?v=NpkM2oraWas,Maithili,Null,General,Female,Mahottari,5 Days 8 Hr 48 min 12 Sec,40
https://www.youtube.com/watch?v=qxHDfnYHzR8,Maithili,Null,General,Female,Mahottari,5 Days 8 Hr 48 min 12 Sec,40
https://www.youtube.com/watch?v=x9CovWvIw0c,Maithili,Null,General,Female,Mahottari,5 Days 8 Hr 48 min 12 Sec,40
https://www.youtube.com/watch?v=Tw0riWkP8PA,Maithili,Null,General,Female,Mahottari,5 Days 8 Hr 48 min 12 Sec,40
https://www.youtube.com/watch?v=tA-5v3OHJ74,Maithili,Null,General,Female,Mahottari,5 Days 8 Hr 48 min 12 Sec,40
https://www.youtube.com/watch?v=FzulMtEltho,Maithili,Null,General,Female,Mahottari,5 Days 8 Hr 48 min 12 Sec,40
https://www.youtube.com/watch?v=cPx5Zsg-a8U,Maithili,Null,General,Female,Mahottari,5 Days 8 Hr 48 min 12 Sec,40
https://www.youtube.com/watch?v=TU2XX4hiaDg,Maithili,Null,General,Female,Mahottari,5 Days 8 Hr 48 min 12 Sec,40
https://www.youtube.com/watch?v=EhktIDcERg8,Maithili,Null,General,Female,Mahottari,5 Days 8 Hr 48 min 12 Sec,40
https://www.youtube.com/watch?v=ToUrWfW1GGA,Maithili,Null,General,Female,Mahottari,5 Days 8 Hr 48 min 12 Sec,40
https://www.youtube.com/watch?v=pilUWvG-1Hw,Maithili,Null,General,Female,Mahottari,5 Days 8 Hr 48 min 12 Sec,40
https://www.youtube.com/watch?v=jFXemTPVgPo,Maithili,Null,General,Female,Mahottari,5 Days 8 Hr 48 min 12 Sec,40
https://www.youtube.com/watch?v=Rxn_8C8xHjo,Maithili,Null,General,Female,Mahottari,5 Days 8 Hr 48 min 12 Sec,40
https://www.youtube.com/watch?v=ZtVo7ny1VRo,Maithili,Null,General,Female,Mahottari,5 Days 8 Hr 48 min 12 Sec,40
https://www.youtube.com/watch?v=sdTSDaQtZMg,Maithili,Null,General,Female,Mahottari,5 Days 8 Hr 48 min 12 Sec,40
https://www.youtube.com/watch?v=boF178XyVe4,Maithili,Null,General,Female,Mahottari,5 Days 8 Hr 48 min 12 Sec,40
https://www.youtube.com/watch?v=96AGrEFBiT4,Maithili,Null,General,Female,Mahottari,5 Days 8 Hr 48 min 12 Sec,40
https://www.youtube.com/watch?v=JE7SeAwEaSg,Maithili,Null,General,Female,Mahottari,5 Days 8 Hr 48 min 12 Sec,40
https://www.youtube.com/watch?v=dzzmt93I3oU,Maithili,Null,General,Female,Mahottari,5 Days 8 Hr 48 min 12 Sec,40
https://www.youtube.com/watch?v=X_arTcDUshc,Maithili,Null,General,Female,Mahottari,5 Days 8 Hr 48 min 12 Sec,40
https://www.youtube.com/watch?v=X_arTcDUshc,Maithili,Null,General,Female,Mahottari,5 Days 8 Hr 48 min 12 Sec,40
https://www.youtube.com/watch?v=Wjj3rwhNdDw,Maithili,Null,General,Female,Mahottari,5 Days 8 Hr 48 min 12 Sec,40
https://www.youtube.com/watch?v=kRZcO2vyd-s,Maithili,Null,General,Female,Mahottari,5 Days 8 Hr 48 min 12 Sec,40
https://www.youtube.com/watch?v=Yis2z_SCgn4,Maithili,Null,General,Female,Mahottari,5 Days 8 Hr 48 min 12 Sec,40
https://www.youtube.com/watch?v=5wTcJtEkFLU,Maithili,Null,General,Female,Mahottari,5 Days 8 Hr 48 min 12 Sec,40
https://www.youtube.com/watch?v=FRZ_cSvKCcA,Maithili,Null,General,Female,Mahottari,5 Days 8 Hr 48 min 12 Sec,40
https://www.youtube.com/watch?v=FRZ_cSvKCcA,Maithili,Null,General,Female,Mahottari,5 Days 8 Hr 48 min 12 Sec,40
https://www.youtube.com/watch?v=nBKPaEru7Gw,Maithili,Null,General,Female,Mahottari,5 Days 8 Hr 48 min 12 Sec,40
https://www.youtube.com/watch?v=dE16CoaZM04,Maithili,Null,General,Female,Mahottari,5 Days 8 Hr 48 min 12 Sec,40
https://www.youtube.com/watch?v=b00crvvSxio,Maithili,Null,General,Female,Mahottari,5 Days 8 Hr 48 min 12 Sec,40
https://www.youtube.com/watch?v=483vCw9Xq1U,Maithili,Null,General,Female,Mahottari,5 Days 8 Hr 48 min 12 Sec,40
https://www.youtube.com/watch?v=4iZtnkes6p0,Maithili,Null,General,Female,Mahottari,5 Days 8 Hr 48 min 12 Sec,40
https://www.youtube.com/watch?v=g6BzSWLBWUk,Maithili,Null,General,Female,Mahottari,5 Days 8 Hr 48 min 12 Sec,40
https://www.youtube.com/watch?v=DKTc3debfrk,Maithili,Null,General,Female,Mahottari,5 Days 8 Hr 48 min 12 Sec,40
https://www.youtube.com/watch?v=DKTc3debfrk,Maithili,Null,General,Female,Mahottari,5 Days 8 Hr 48 min 12 Sec,40
https://www.youtube.com/watch?v=MBf8N6ovvX8,Maithili,Null,General,Female,Mahottari,5 Days 8 Hr 48 min 12 Sec,40
https://www.youtube.com/watch?v=q6k8GjnBiv4,Maithili,Null,General,Female,Mahottari,5 Days 8 Hr 48 min 12 Sec,40
https://www.youtube.com/watch?v=rMsEAQnQdBo,Maithili,Null,General,Female,Mahottari,5 Days 8 Hr 48 min 12 Sec,40
https://www.youtube.com/watch?v=cYhNYTyrKFs,Maithili,Null,General,Female,Mahottari,5 Days 8 Hr 48 min 12 Sec,40
https://www.youtube.com/watch?v=9uvblqpVigI,Maithili,Null,General,Female,Mahottari,5 Days 8 Hr 48 min 12 Sec,40
https://www.youtube.com/watch?v=of0DYYiNc_Q,Maithili,Null,General,Female,Mahottari,5 Days 8 Hr 48 min 12 Sec,40
https://www.youtube.com/watch?v=sn8uQREkbI0,Maithili,Null,General,Female,Mahottari,5 Days 8 Hr 48 min 12 Sec,40
https://www.youtube.com/watch?v=JiGC70jw_xk,Maithili,Null,General,Female,Mahottari,5 Days 8 Hr 48 min 12 Sec,40
https://www.youtube.com/watch?v=UZs1Qyp7EfU,Maithili,Null,General,Female,Mahottari,5 Days 8 Hr 48 min 12 Sec,40
https://www.youtube.com/watch?v=UZs1Qyp7EfU,Maithili,Null,General,Female,Mahottari,5 Days 8 Hr 48 min 12 Sec,40
https://www.youtube.com/watch?v=GvnJH6UA5oI,Maithili,Null,General,Female,Mahottari,5 Days 8 Hr 48 min 12 Sec,40
https://www.youtube.com/watch?v=rKWjZO0h6pM,Maithili,Null,General,Female,Mahottari,5 Days 8 Hr 48 min 12 Sec,40
https://www.youtube.com/watch?v=fvyU8Tkwigo,Maithili,Null,General,Female,Mahottari,5 Days 8 Hr 48 min 12 Sec,40
https://www.youtube.com/watch?v=GE2_qyT05H0,Maithili,Null,General,Female,Mahottari,5 Days 8 Hr 48 min 12 Sec,40
https://www.youtube.com/watch?v=GE2_qyT05H0,Maithili,Null,General,Female,Mahottari,5 Days 8 Hr 48 min 12 Sec,40
https://www.youtube.com/watch?v=eyEv9LaXHTU,Maithili,Null,General,Female,Mahottari,5 Days 8 Hr 48 min 12 Sec,40
https://www.youtube.com/watch?v=a4-i0bGZcpQ,Maithili,Null,General,Female,Mahottari,5 Days 8 Hr 48 min 12 Sec,40
https://www.youtube.com/watch?v=44z5TXe1arU,Maithili,Null,General,Female,Mahottari,5 Days 8 Hr 48 min 12 Sec,40
https://www.youtube.com/watch?v=IYSgZQsrJ78,Maithili,Null,General,Female,Mahottari,5 Days 8 Hr 48 min 12 Sec,40
https://www.youtube.com/watch?v=IYSgZQsrJ78,Maithili,Null,General,Female,Mahottari,5 Days 8 Hr 48 min 12 Sec,40
https://www.youtube.com/watch?v=YvXcjK--Uh8,Maithili,Null,General,Female,Mahottari,5 Days 8 Hr 48 min 12 Sec,40
https://www.youtube.com/watch?v=RXnjxL_YaVM,Maithili,Null,General,Female,Mahottari,5 Days 8 Hr 48 min 12 Sec,40
https://www.youtube.com/watch?v=XhdZzCpCilA,Maithili,Null,General,Female,Mahottari,5 Days 8 Hr 48 min 12 Sec,40
https://www.youtube.com/watch?v=6mCK4nj8Ch0,Maithili,Null,General,Female,Mahottari,5 Days 8 Hr 48 min 12 Sec,40
https://www.youtube.com/watch?v=9h_f1Wpi5YM,Maithili,Null,General,Female,Mahottari,5 Days 8 Hr 48 min 12 Sec,40
https://www.youtube.com/watch?v=MHIdWPcRZSw,Maithili,Null,General,Female,Mahottari,5 Days 8 Hr 48 min 12 Sec,40
https://www.youtube.com/watch?v=0qAv4bV6S_c,Maithili,Null,General,Female,Mahottari,5 Days 8 Hr 48 min 12 Sec,40
https://www.youtube.com/watch?v=MDfKo_rNtRc,Maithili,Null,General,Female,Mahottari,5 Days 8 Hr 48 min 12 Sec,40
https://www.youtube.com/watch?v=XMXO4c9lT24,Maithili,Null,General,Female,Mahottari,5 Days 8 Hr 48 min 12 Sec,40
https://www.youtube.com/watch?v=6sVV_ffkf5M,Maithili,Null,General,Female,Mahottari,5 Days 8 Hr 48 min 12 Sec,40
https://www.youtube.com/watch?v=keBNdtIm-4M,Maithili,Null,General,Female,Mahottari,5 Days 8 Hr 48 min 12 Sec,40
https://www.youtube.com/watch?v=M--osSQoESI,Maithili,Null,General,Female,Mahottari,5 Days 8 Hr 48 min 12 Sec,40
https://www.youtube.com/watch?v=RsD4b4fBvfA,Maithili,Null,General,Female,Mahottari,5 Days 8 Hr 48 min 12 Sec,40
https://www.youtube.com/watch?v=q6Ljpfb4Ej4,Maithili,Null,General,Female,Mahottari,5 Days 8 Hr 48 min 12 Sec,40
https://www.youtube.com/watch?v=Fps-CQ-yUoc,Maithili,Null,General,Female,Mahottari,5 Days 8 Hr 48 min 12 Sec,40
https://www.youtube.com/watch?v=88QWb_y4-_A,Maithili,Null,General,Female,Mahottari,5 Days 8 Hr 48 min 12 Sec,40
https://www.youtube.com/watch?v=t64xAuedUyQ,Maithili,Null,General,Female,Mahottari,5 Days 8 Hr 48 min 12 Sec,40
https://www.youtube.com/watch?v=vex3Mr2laos,Maithili,Null,General,Female,Mahottari,5 Days 8 Hr 48 min 12 Sec,40
https://www.youtube.com/watch?v=bCrrR85urZE,Maithili,Null,General,Female,Mahottari,5 Days 8 Hr 48 min 12 Sec,40
https://www.youtube.com/watch?v=3UOFXMuvqV4,Maithili,Null,General,Female,Mahottari,5 Days 8 Hr 48 min 12 Sec,40
https://www.youtube.com/watch?v=wa6rqkI145w,Maithili,Null,General,Female,Mahottari,5 Days 8 Hr 48 min 12 Sec,40
https://www.youtube.com/watch?v=0T18PrDkD3E,Maithili,Null,General,Female,Mahottari,5 Days 8 Hr 48 min 12 Sec,40
https://www.youtube.com/watch?v=vCkhEj8-tqM,Maithili,Null,General,Female,Mahottari,5 Days 8 Hr 48 min 12 Sec,40
https://www.youtube.com/watch?v=an7AsYg8WDM,Maithili,Null,General,Female,Mahottari,5 Days 8 Hr 48 min 12 Sec,40
https://www.youtube.com/watch?v=M9rz-zDJa_c,Maithili,Null,General,Female,Mahottari,5 Days 8 Hr 48 min 12 Sec,40
https://www.youtube.com/watch?v=vqEQoS3OnAI,Maithili,Null,General,Female,Mahottari,5 Days 8 Hr 48 min 12 Sec,40
https://www.youtube.com/watch?v=OkN0ukFQFb0,Maithili,Null,General,Female,Mahottari,5 Days 8 Hr 48 min 12 Sec,40
https://www.youtube.com/watch?v=C1d6k-cBPSk,Maithili,Null,General,Female,Mahottari,5 Days 8 Hr 48 min 12 Sec,40
https://www.youtube.com/watch?v=m1I32J5wt1s,Maithili,Null,General,Female,Mahottari,5 Days 8 Hr 48 min 12 Sec,40
https://www.youtube.com/watch?v=BwI4ubv21P8,Maithili,Null,General,Female,Mahottari,5 Days 8 Hr 48 min 12 Sec,40
https://www.youtube.com/watch?v=zEDO3cIJsF4,Maithili,Null,General,Female,Mahottari,5 Days 8 Hr 48 min 12 Sec,40
https://www.youtube.com/watch?v=I_hMcdmSbSM,Maithili,Null,General,Female,Mahottari,5 Days 8 Hr 48 min 12 Sec,40
https://www.youtube.com/watch?v=u7WGrTIFdak,Maithili,Null,General,Female,Mahottari,5 Days 8 Hr 48 min 12 Sec,40
https://www.youtube.com/watch?v=sYDk3EynbbA,Maithili,Null,General,Female,Mahottari,5 Days 8 Hr 48 min 12 Sec,40
https://www.youtube.com/watch?v=yYYomq0QknY,Maithili,Null,General,Female,Mahottari,5 Days 8 Hr 48 min 12 Sec,40
https://www.youtube.com/watch?v=Y1C3JIHrYq4,Maithili,Null,General,Female,Mahottari,5 Days 8 Hr 48 min 12 Sec,40
https://www.youtube.com/watch?v=FTWg5LuaGNs,Maithili,Null,General,Female,Mahottari,5 Days 8 Hr 48 min 12 Sec,40
https://www.youtube.com/watch?v=kecuFunALJo,Maithili,Null,General,Female,Mahottari,5 Days 8 Hr 48 min 12 Sec,40
https://www.youtube.com/watch?v=Kor9jMP8lkk,Maithili,Null,General,Female,Mahottari,5 Days 8 Hr 48 min 12 Sec,40
https://www.youtube.com/watch?v=sP3djPbSgQA,Maithili,Null,General,Female,Mahottari,5 Days 8 Hr 48 min 12 Sec,40
https://www.youtube.com/watch?v=sP3djPbSgQA,Maithili,Null,General,Female,Mahottari,5 Days 8 Hr 48 min 12 Sec,40
https://www.youtube.com/watch?v=salaZAw0Qzw,Maithili,Null,General,Female,Mahottari,5 Days 8 Hr 48 min 12 Sec,40
https://www.youtube.com/watch?v=salaZAw0Qzw,Maithili,Null,General,Female,Mahottari,5 Days 8 Hr 48 min 12 Sec,40
https://www.youtube.com/watch?v=PA5EBmgiGe8,Maithili,Null,General,Female,Mahottari,5 Days 8 Hr 48 min 12 Sec,40
https://www.youtube.com/watch?v=xxmRiIFv7Fc,Maithili,Null,General,Female,Mahottari,5 Days 8 Hr 48 min 12 Sec,40
https://www.youtube.com/watch?v=p0XioCoZ2wc,Maithili,Null,General,Female,Mahottari,5 Days 8 Hr 48 min 12 Sec,40
https://www.youtube.com/watch?v=I0pB1EDVUcc,Maithili,Null,General,Female,Mahottari,5 Days 8 Hr 48 min 12 Sec,40
https://www.youtube.com/watch?v=BGzFrSEE8zQ,Maithili,Null,General,Female,Mahottari,5 Days 8 Hr 48 min 12 Sec,40
https://www.youtube.com/watch?v=BGzFrSEE8zQ,Maithili,Null,General,Female,Mahottari,5 Days 8 Hr 48 min 12 Sec,40
https://www.youtube.com/watch?v=jo_Dfp_kepM,Maithili,Null,General,Female,Mahottari,5 Days 8 Hr 48 min 12 Sec,40
https://www.youtube.com/watch?v=s41HnLJaGv0,Maithili,Null,General,Female,Mahottari,5 Days 8 Hr 48 min 12 Sec,40
https://www.youtube.com/watch?v=s41HnLJaGv0,Maithili,Null,General,Female,Mahottari,5 Days 8 Hr 48 min 12 Sec,40
https://www.youtube.com/watch?v=NEh5OibovaA,Maithili,Null,General,Female,Mahottari,5 Days 8 Hr 48 min 12 Sec,40
https://www.youtube.com/watch?v=gisXeSmcVsY,Maithili,Null,General,Female,Mahottari,5 Days 8 Hr 48 min 12 Sec,40
https://www.youtube.com/watch?v=maomOvO0RQg,Maithili,Null,General,Female,Mahottari,5 Days 8 Hr 48 min 12 Sec,40
https://www.youtube.com/watch?v=YOgoP4efbKQ,Maithili,Null,General,Female,Mahottari,5 Days 8 Hr 48 min 12 Sec,40
https://www.youtube.com/watch?v=HSEZor16GH8,Maithili,Null,General,Female,Mahottari,5 Days 8 Hr 48 min 12 Sec,40
https://www.youtube.com/watch?v=KCnYyxNK84c,Maithili,Null,General,Female,Mahottari,5 Days 8 Hr 48 min 12 Sec,40
https://www.youtube.com/watch?v=66BT2MNGb2s,Maithili,Null,General,Female,Mahottari,5 Days 8 Hr 48 min 12 Sec,40
https://www.youtube.com/watch?v=83w8E8zQcG0,Maithili,Null,General,Female,Mahottari,5 Days 8 Hr 48 min 12 Sec,40
https://www.youtube.com/watch?v=3FHES8TcJBA,Maithili,Null,General,Female,Mahottari,5 Days 8 Hr 48 min 12 Sec,40
https://www.youtube.com/watch?v=uIW35qG06Dw,Maithili,Null,General,Female,Mahottari,5 Days 8 Hr 48 min 12 Sec,40
https://www.youtube.com/watch?v=jOUI11daf4U,Maithili,Null,General,Female,Mahottari,5 Days 8 Hr 48 min 12 Sec,40
https://www.youtube.com/watch?v=jOUI11daf4U,Maithili,Null,General,Female,Mahottari,5 Days 8 Hr 48 min 12 Sec,40
https://www.youtube.com/watch?v=Lxz8Grg7rUg,Maithili,Null,General,Female,Mahottari,5 Days 8 Hr 48 min 12 Sec,40
https://www.youtube.com/watch?v=1P4zfucqnDU,Maithili,Null,General,Female,Mahottari,5 Days 8 Hr 48 min 12 Sec,40
https://www.youtube.com/watch?v=7sQ8WBLx5kM,Maithili,Null,General,Female,Mahottari,5 Days 8 Hr 48 min 12 Sec,40
https://www.youtube.com/watch?v=bslf8BgfFZg,Maithili,Null,General,Female,Mahottari,5 Days 8 Hr 48 min 12 Sec,40
https://www.youtube.com/watch?v=FifvpWtQO90,Maithili,Null,General,Female,Mahottari,5 Days 8 Hr 48 min 12 Sec,40
https://www.youtube.com/watch?v=S1OrGU6jzoQ,Maithili,Null,General,Female,Mahottari,5 Days 8 Hr 48 min 12 Sec,40
https://www.youtube.com/watch?v=5MoEcPjI0QI,Maithili,Null,General,Female,Mahottari,5 Days 8 Hr 48 min 12 Sec,40
https://www.youtube.com/watch?v=ElXy3BJR6u4,Maithili,Null,General,Female,Mahottari,5 Days 8 Hr 48 min 12 Sec,40
https://www.youtube.com/watch?v=E78WUS8MHaw,Maithili,Null,General,Female,Mahottari,5 Days 8 Hr 48 min 12 Sec,40
https://www.youtube.com/watch?v=vi-yea4xEKQ,Maithili,Null,General,Female,Mahottari,5 Days 8 Hr 48 min 12 Sec,40
https://www.youtube.com/watch?v=VkkwVFNgWEQ,Maithili,Null,General,Female,Mahottari,5 Days 8 Hr 48 min 12 Sec,40
https://www.youtube.com/watch?v=cUr0JEQGHu0,Maithili,Null,General,Female,Mahottari,5 Days 8 Hr 48 min 12 Sec,40
https://www.youtube.com/watch?v=3IC0rXrChE8,Maithili,Null,General,Female,Mahottari,5 Days 8 Hr 48 min 12 Sec,40
https://www.youtube.com/watch?v=zNYciZLab2M,Maithili,Null,General,Female,Mahottari,5 Days 8 Hr 48 min 12 Sec,40
https://www.youtube.com/watch?v=ukozil5TUe8,Maithili,Null,General,Female,Mahottari,5 Days 8 Hr 48 min 12 Sec,40
https://www.youtube.com/watch?v=hQ1MjjT_7_U,Maithili,Null,General,Female,Mahottari,5 Days 8 Hr 48 min 12 Sec,40
https://www.youtube.com/watch?v=PJih2uWmSPM,Maithili,Null,General,Female,Mahottari,5 Days 8 Hr 48 min 12 Sec,40
https://www.youtube.com/watch?v=6tn5XB2yjGY,Maithili,Null,General,Female,Mahottari,5 Days 8 Hr 48 min 12 Sec,40
https://www.youtube.com/watch?v=2Qv40XxVr1M,Maithili,Null,General,Female,Mahottari,5 Days 8 Hr 48 min 12 Sec,40
https://www.youtube.com/watch?v=iyxBx3v4jko,Maithili,Null,General,Female,Mahottari,5 Days 8 Hr 48 min 12 Sec,40
https://www.youtube.com/watch?v=tBWyfDOpUpU,Maithili,Null,General,Female,Mahottari,5 Days 8 Hr 48 min 12 Sec,40
https://www.youtube.com/watch?v=T-Pz2jacMeM,Maithili,Null,General,Female,Mahottari,5 Days 8 Hr 48 min 12 Sec,40
https://www.youtube.com/watch?v=fACF86CwYaA,Maithili,Null,General,Female,Mahottari,5 Days 8 Hr 48 min 12 Sec,40
https://www.youtube.com/watch?v=E9Lu9vHB1jY,Maithili,Null,General,Female,Mahottari,5 Days 8 Hr 48 min 12 Sec,40
https://www.youtube.com/watch?v=DSU92rR4kO8,Maithili,Null,General,Female,Mahottari,5 Days 8 Hr 48 min 12 Sec,40
https://www.youtube.com/watch?v=zMNeuSMwkL4,Maithili,Null,General,Female,Mahottari,5 Days 8 Hr 48 min 12 Sec,40
https://www.youtube.com/watch?v=K359pB0WqTk,Maithili,Null,General,Female,Mahottari,5 Days 8 Hr 48 min 12 Sec,40
https://www.youtube.com/watch?v=_xsywPSNilM,Maithili,Null,General,Female,Mahottari,5 Days 8 Hr 48 min 12 Sec,40
https://www.youtube.com/watch?v=li9_4ibaKGI,Maithili,Null,General,Female,Mahottari,5 Days 8 Hr 48 min 12 Sec,40
https://www.youtube.com/watch?v=r86fe8WT3QA,Maithili,Null,General,Female,Mahottari,5 Days 8 Hr 48 min 12 Sec,40
https://www.youtube.com/watch?v=C5-IXcJJNwY,Maithili,Null,General,Female,Mahottari,5 Days 8 Hr 48 min 12 Sec,40
https://www.youtube.com/watch?v=VzMFXIVxY7A,Maithili,Null,General,Female,Mahottari,5 Days 8 Hr 48 min 12 Sec,40
https://www.youtube.com/watch?v=4BA1_EMoCe0,Maithili,Null,General,Female,Mahottari,5 Days 8 Hr 48 min 12 Sec,40
https://www.youtube.com/watch?v=1IuwoMCQb5E,Maithili,Null,General,Female,Mahottari,5 Days 8 Hr 48 min 12 Sec,40
https://www.youtube.com/watch?v=iq8yRJKcPSs,Maithili,Null,General,Female,Mahottari,5 Days 8 Hr 48 min 12 Sec,40
https://www.youtube.com/watch?v=Cr2qgDUYcys,Maithili,Null,General,Female,Mahottari,5 Days 8 Hr 48 min 12 Sec,40
https://www.youtube.com/watch?v=tmn3uVpgbtI,Maithili,Null,General,Female,Mahottari,5 Days 8 Hr 48 min 12 Sec,40
https://www.youtube.com/watch?v=CGcvm00H9Dk,Maithili,Null,General,Female,Mahottari,5 Days 8 Hr 48 min 12 Sec,40
https://www.youtube.com/watch?v=ecjTnhzYEL0,Maithili,Null,General,Female,Mahottari,5 Days 8 Hr 48 min 12 Sec,40
https://www.youtube.com/watch?v=2wReNsriN88,Maithili,Null,General,Female,Mahottari,5 Days 8 Hr 48 min 12 Sec,40
https://www.youtube.com/watch?v=aGP9LVvZzoE,Maithili,Null,General,Female,Mahottari,5 Days 8 Hr 48 min 12 Sec,40
https://www.youtube.com/watch?v=z7WLGHlhTIk,Maithili,Null,General,Female,Mahottari,5 Days 8 Hr 48 min 12 Sec,40
https://www.youtube.com/watch?v=P3PuiW2_KPc,Maithili,Null,General,Female,Mahottari,5 Days 8 Hr 48 min 12 Sec,40
https://www.youtube.com/watch?v=tek0ET0lmOE,Maithili,Null,General,Female,Mahottari,5 Days 8 Hr 48 min 12 Sec,40
https://www.youtube.com/watch?v=UDjgUsFS0oA,Maithili,Null,General,Female,Mahottari,5 Days 8 Hr 48 min 12 Sec,40
https://www.youtube.com/watch?v=bUiiPuhgX8E,Maithili,Null,General,Female,Mahottari,5 Days 8 Hr 48 min 12 Sec,40
https://www.youtube.com/watch?v=QkyJIET4pxc,Maithili,Null,General,Female,Mahottari,5 Days 8 Hr 48 min 12 Sec,40
https://www.youtube.com/watch?v=PX2Ui42Qudo,Maithili,Null,General,Female,Mahottari,5 Days 8 Hr 48 min 12 Sec,40
https://www.youtube.com/watch?v=mYQRkTbXvu4,Maithili,Null,General,Female,Mahottari,5 Days 8 Hr 48 min 12 Sec,40
https://www.youtube.com/watch?v=69090ZxN2vw,Maithili,Null,General,Female,Mahottari,5 Days 8 Hr 48 min 12 Sec,40
https://www.youtube.com/watch?v=IHbKjtNwSKE,Maithili,Null,General,Female,Mahottari,5 Days 8 Hr 48 min 12 Sec,40
https://www.youtube.com/watch?v=8BEuSTZB0nE,Maithili,Null,General,Female,Mahottari,5 Days 8 Hr 48 min 12 Sec,40
https://www.youtube.com/watch?v=4NvaOBkBeWM,Maithili,Null,General,Female,Mahottari,5 Days 8 Hr 48 min 12 Sec,40
https://www.youtube.com/watch?v=VRa2SBm9r4c,Maithili,Null,General,Female,Mahottari,5 Days 8 Hr 48 min 12 Sec,40
https://www.youtube.com/watch?v=Zy9iYkYLfgU,Maithili,Null,General,Female,Mahottari,5 Days 8 Hr 48 min 12 Sec,40
https://www.youtube.com/watch?v=Q3VFumiUboU,Maithili,Null,General,Female,Mahottari,5 Days 8 Hr 48 min 12 Sec,40
https://www.youtube.com/watch?v=EQ1u3rOAjfc,Maithili,Null,General,Female,Mahottari,5 Days 8 Hr 48 min 12 Sec,40
https://www.youtube.com/watch?v=OMac8z8xk9c,Maithili,Null,General,Female,Mahottari,5 Days 8 Hr 48 min 12 Sec,40
https://www.youtube.com/watch?v=Av_N5V_GSA0,Maithili,Null,General,Female,Mahottari,5 Days 8 Hr 48 min 12 Sec,40
https://www.youtube.com/watch?v=F03MgYMSQVE,Maithili,Null,General,Female,Mahottari,5 Days 8 Hr 48 min 12 Sec,40
https://www.youtube.com/watch?v=ak24wheNY7I,Maithili,Null,General,Female,Mahottari,5 Days 8 Hr 48 min 12 Sec,40
https://www.youtube.com/watch?v=mvFi2kVzC5M,Maithili,Null,General,Female,Mahottari,5 Days 8 Hr 48 min 12 Sec,40
https://www.youtube.com/watch?v=QZk93h5FToA,Maithili,Null,General,Female,Mahottari,5 Days 8 Hr 48 min 12 Sec,40
https://www.youtube.com/watch?v=MukiSVj_cNg,Maithili,Null,General,Female,Mahottari,5 Days 8 Hr 48 min 12 Sec,40
https://www.youtube.com/watch?v=_wKX4JUKDK4,Maithili,Null,General,Female,Mahottari,5 Days 8 Hr 48 min 12 Sec,40
https://www.youtube.com/watch?v=Uj1a9YfVt3o,Maithili,Null,General,Female,Mahottari,5 Days 8 Hr 48 min 12 Sec,40
https://www.youtube.com/watch?v=XWr2pVJ_XsY,Maithili,Null,General,Female,Mahottari,5 Days 8 Hr 48 min 12 Sec,40
https://www.youtube.com/watch?v=m6JdsoWQDgU,Maithili,Null,General,Female,Mahottari,5 Days 8 Hr 48 min 12 Sec,40
https://www.youtube.com/watch?v=4Lcdy_KZUFQ,Maithili,Null,General,Female,Mahottari,5 Days 8 Hr 48 min 12 Sec,40
https://www.youtube.com/watch?v=_-vZ8GgVG9E,Maithili,Null,General,Female,Mahottari,5 Days 8 Hr 48 min 12 Sec,40
https://www.youtube.com/watch?v=UlNoMvd7QHE,Maithili,Null,General,Female,Mahottari,5 Days 8 Hr 48 min 12 Sec,40
https://www.youtube.com/watch?v=a9D387JTdI0,Maithili,Null,General,Female,Mahottari,5 Days 8 Hr 48 min 12 Sec,40
https://www.youtube.com/watch?v=6Qg2D3ylKPw,Maithili,Null,General,Female,Mahottari,5 Days 8 Hr 48 min 12 Sec,40
https://www.youtube.com/watch?v=Oqr-GXZPGus,Maithili,Null,General,Female,Mahottari,5 Days 8 Hr 48 min 12 Sec,40
https://www.youtube.com/watch?v=9hOdC_w3N_0,Maithili,Null,General,Female,Mahottari,5 Days 8 Hr 48 min 12 Sec,40
https://www.youtube.com/watch?v=_uggIrLGqdQ,Maithili,Null,General,Female,Mahottari,5 Days 8 Hr 48 min 12 Sec,40
https://www.youtube.com/watch?v=tmNiaBVAE9A,Maithili,Null,General,Female,Mahottari,5 Days 8 Hr 48 min 12 Sec,40
https://www.youtube.com/watch?v=LHmLQ9AFrUI,Maithili,Null,General,Female,Mahottari,5 Days 8 Hr 48 min 12 Sec,40
https://www.youtube.com/watch?v=Ti8_jwoyAms,Maithili,Null,General,Female,Mahottari,5 Days 8 Hr 48 min 12 Sec,40
https://www.youtube.com/watch?v=QZQw9PycJRs,Maithili,Null,General,Female,Mahottari,5 Days 8 Hr 48 min 12 Sec,40
https://www.youtube.com/watch?v=aSUgm6puE3w,Maithili,Null,General,Female,Mahottari,5 Days 8 Hr 48 min 12 Sec,40
https://www.youtube.com/watch?v=A4x3vTUYZAY,Maithili,Null,General,Female,Mahottari,5 Days 8 Hr 48 min 12 Sec,40
https://www.youtube.com/watch?v=9amIz-m-HIY,Maithili,Null,General,Female,Mahottari,5 Days 8 Hr 48 min 12 Sec,40
https://www.youtube.com/watch?v=8haKWA03IIE,Maithili,Null,General,Female,Mahottari,5 Days 8 Hr 48 min 12 Sec,40
https://www.youtube.com/watch?v=AYjvoJIrrls,Maithili,Null,General,Female,Mahottari,5 Days 8 Hr 48 min 12 Sec,40
https://www.youtube.com/watch?v=eO-ABbZHhNI,Maithili,Null,General,Female,Mahottari,5 Days 8 Hr 48 min 12 Sec,40
https://www.youtube.com/watch?v=OCXigFZf0FQ,Maithili,Null,General,Female,Mahottari,5 Days 8 Hr 48 min 12 Sec,40
https://www.youtube.com/watch?v=RoP736K4aho,Maithili,Null,General,Female,Mahottari,5 Days 8 Hr 48 min 12 Sec,40
https://www.youtube.com/watch?v=HgysbUoib1k,Maithili,Null,General,Female,Mahottari,5 Days 8 Hr 48 min 12 Sec,40
https://www.youtube.com/watch?v=fo3rYZt4OxM,Maithili,Null,General,Female,Mahottari,5 Days 8 Hr 48 min 12 Sec,40
https://www.youtube.com/watch?v=eZg6PWRbkY0,Maithili,Null,General,Female,Mahottari,5 Days 8 Hr 48 min 12 Sec,40
https://www.youtube.com/watch?v=ji6jdc9nqS4,Maithili,Null,General,Female,Mahottari,5 Days 8 Hr 48 min 12 Sec,40
https://www.youtube.com/watch?v=9obLyGq8v1c,Maithili,Null,General,Female,Mahottari,5 Days 8 Hr 48 min 12 Sec,40
https://www.youtube.com/watch?v=PEqqVE7Co2E,Maithili,Null,General,Female,Mahottari,5 Days 8 Hr 48 min 12 Sec,40
https://www.youtube.com/watch?v=siu3CIW_DME,Maithili,Null,General,Female,Mahottari,5 Days 8 Hr 48 min 12 Sec,40
https://www.youtube.com/watch?v=TVonCYr89GE,Maithili,Null,General,Female,Mahottari,5 Days 8 Hr 48 min 12 Sec,40
https://www.youtube.com/watch?v=Rz0HmgFogeY,Maithili,Null,General,Female,Mahottari,5 Days 8 Hr 48 min 12 Sec,40
https://www.youtube.com/watch?v=LyhviwmMFhg,Maithili,Null,General,Female,Mahottari,5 Days 8 Hr 48 min 12 Sec,40
https://www.youtube.com/watch?v=xiBIGIcKTRo,Maithili,Null,General,Female,Mahottari,5 Days 8 Hr 48 min 12 Sec,40
https://www.youtube.com/watch?v=FUWrCbpsIXg,Maithili,Null,General,Female,Mahottari,5 Days 8 Hr 48 min 12 Sec,40
https://www.youtube.com/watch?v=6Xt5WSmZwzo,Maithili,Null,General,Female,Mahottari,5 Days 8 Hr 48 min 12 Sec,40
https://www.youtube.com/watch?v=lkUUQyYP4O4,Maithili,Null,General,Female,Mahottari,5 Days 8 Hr 48 min 12 Sec,40
https://www.youtube.com/watch?v=l_EE37ylaEE,Maithili,Null,General,Female,Mahottari,5 Days 8 Hr 48 min 12 Sec,40
https://www.youtube.com/watch?v=-2N9CqlhnOI,Maithili,Null,General,Female,Mahottari,5 Days 8 Hr 48 min 12 Sec,40
https://www.youtube.com/watch?v=srvn_TdwYuU,Maithili,Null,General,Female,Mahottari,5 Days 8 Hr 48 min 12 Sec,40
https://www.youtube.com/watch?v=srvn_TdwYuU,Maithili,Null,General,Female,Mahottari,5 Days 8 Hr 48 min 12 Sec,40
https://www.youtube.com/watch?v=iMaMqh1k3dE,Maithili,Null,General,Female,Mahottari,5 Days 8 Hr 48 min 12 Sec,40
https://www.youtube.com/watch?v=cqGYsSf-WBk,Maithili,Null,General,Female,Mahottari,5 Days 8 Hr 48 min 12 Sec,40
https://www.youtube.com/watch?v=QQTlJs6nbDk,Maithili,Null,General,Female,Mahottari,5 Days 8 Hr 48 min 12 Sec,40
https://www.youtube.com/watch?v=vFnJc1HHsoI,Maithili,Null,General,Female,Mahottari,5 Days 8 Hr 48 min 12 Sec,40
https://www.youtube.com/watch?v=GRlT_6fUi7c,Maithili,Null,General,Female,Mahottari,5 Days 8 Hr 48 min 12 Sec,40
https://www.youtube.com/watch?v=6m0e3eiZ10I,Maithili,Null,General,Female,Mahottari,5 Days 8 Hr 48 min 12 Sec,40
https://www.youtube.com/watch?v=6m0e3eiZ10I,Maithili,Null,General,Female,Mahottari,5 Days 8 Hr 48 min 12 Sec,40
https://www.youtube.com/watch?v=9tHZlDgyjVw,Maithili,Null,General,Female,Mahottari,5 Days 8 Hr 48 min 12 Sec,40
https://www.youtube.com/watch?v=Blzn-svFHxY,Maithili,Null,General,Female,Mahottari,5 Days 8 Hr 48 min 12 Sec,40
https://www.youtube.com/watch?v=Td7zo6iBZmc,Maithili,Null,General,Female,Mahottari,5 Days 8 Hr 48 min 12 Sec,40
https://www.youtube.com/watch?v=XReYmEBeZWs,Maithili,Null,General,Female,Mahottari,5 Days 8 Hr 48 min 12 Sec,40
https://www.youtube.com/watch?v=bGo_zir8LnA,Maithili,Null,General,Female,Mahottari,5 Days 8 Hr 48 min 12 Sec,40
https://www.youtube.com/watch?v=lSjjHhl3kMM,Maithili,Null,General,Female,Mahottari,5 Days 8 Hr 48 min 12 Sec,40
https://www.youtube.com/watch?v=ghP3Uf0pmDA,Maithili,Null,General,Female,Mahottari,5 Days 8 Hr 48 min 12 Sec,40
https://www.youtube.com/watch?v=r4wfe9I2EZQ,Maithili,Null,General,Female,Mahottari,5 Days 8 Hr 48 min 12 Sec,40
https://www.youtube.com/watch?v=KV4_Kg-gB-8,Maithili,Null,General,Female,Mahottari,5 Days 8 Hr 48 min 12 Sec,40
https://www.youtube.com/watch?v=UTXNBRz7sWY,Maithili,Null,General,Female,Mahottari,5 Days 8 Hr 48 min 12 Sec,40
https://www.youtube.com/watch?v=SSXryMs2Bag,Maithili,Null,General,Female,Mahottari,5 Days 8 Hr 48 min 12 Sec,40
https://www.youtube.com/watch?v=ZKaMOBPRmng,Maithili,Null,General,Female,Mahottari,5 Days 8 Hr 48 min 12 Sec,40
https://www.youtube.com/watch?v=pvu5Otl8bTo,Maithili,Null,General,Female,Mahottari,5 Days 8 Hr 48 min 12 Sec,40
https://www.youtube.com/watch?v=-ksgz8FqgNU,Maithili,Null,General,Female,Mahottari,5 Days 8 Hr 48 min 12 Sec,40
https://www.youtube.com/watch?v=fo1sWoX71yg,Maithili,Null,General,Female,Mahottari,5 Days 8 Hr 48 min 12 Sec,40
https://www.youtube.com/watch?v=rXHgYpYuRZc,Maithili,Null,General,Female,Mahottari,5 Days 8 Hr 48 min 12 Sec,40
https://www.youtube.com/watch?v=gsbL3bkPp7k,Maithili,Null,General,Female,Mahottari,5 Days 8 Hr 48 min 12 Sec,40
https://www.youtube.com/watch?v=ak5GsK4SSx8,Maithili,Null,General,Female,Mahottari,5 Days 8 Hr 48 min 12 Sec,40
https://www.youtube.com/watch?v=tA82wujdhZI,Maithili,Null,General,Female,Mahottari,5 Days 8 Hr 48 min 12 Sec,40
https://www.youtube.com/watch?v=58aekdrqTNM,Maithili,Null,General,Female,Mahottari,5 Days 8 Hr 48 min 12 Sec,40
https://www.youtube.com/watch?v=FpCWf72KfoU,Maithili,Null,General,Female,Mahottari,5 Days 8 Hr 48 min 12 Sec,40
https://www.youtube.com/watch?v=yWWUSQcDGqM,Maithili,Null,General,Female,Mahottari,5 Days 8 Hr 48 min 12 Sec,40
https://www.youtube.com/watch?v=TPncb4aINWU,Maithili,Null,General,Female,Mahottari,5 Days 8 Hr 48 min 12 Sec,40
https://www.youtube.com/watch?v=urbYUvmDcso,Maithili,Null,General,Female,Mahottari,5 Days 8 Hr 48 min 12 Sec,40
https://www.youtube.com/watch?v=aT9fdrsBiGc,Maithili,Null,General,Female,Mahottari,5 Days 8 Hr 48 min 12 Sec,40
https://www.youtube.com/watch?v=-j_qLgQD62A,Maithili,Null,General,Female,Mahottari,5 Days 8 Hr 48 min 12 Sec,40
https://www.youtube.com/watch?v=h_uOlJjrS-I,Maithili,Null,General,Female,Mahottari,5 Days 8 Hr 48 min 12 Sec,40
https://www.youtube.com/watch?v=2wvA3FTn-tE,Maithili,Null,General,Female,Mahottari,5 Days 8 Hr 48 min 12 Sec,40
https://www.youtube.com/watch?v=fLSaWqkeXpM,Maithili,Null,General,Female,Mahottari,5 Days 8 Hr 48 min 12 Sec,40
https://www.youtube.com/watch?v=3CjlZiA04D8,Maithili,Null,General,Female,Mahottari,5 Days 8 Hr 48 min 12 Sec,40
https://www.youtube.com/watch?v=YeYP0GIpquE,Maithili,Null,General,Female,Mahottari,5 Days 8 Hr 48 min 12 Sec,40
https://www.youtube.com/watch?v=AgT7U_fdPuY,Maithili,Null,General,Female,Mahottari,5 Days 8 Hr 48 min 12 Sec,40
https://www.youtube.com/watch?v=72hz-6ttHds,Maithili,Null,General,Female,Mahottari,5 Days 8 Hr 48 min 12 Sec,40
https://www.youtube.com/watch?v=MkpR_yTSxk0,Maithili,Null,General,Female,Mahottari,5 Days 8 Hr 48 min 12 Sec,40
https://www.youtube.com/watch?v=BPgTEnSgzNo,Maithili,Null,General,Female,Mahottari,5 Days 8 Hr 48 min 12 Sec,40
https://www.youtube.com/watch?v=MiY9uOoof4c,Maithili,Null,General,Female,Mahottari,5 Days 8 Hr 48 min 12 Sec,40
https://www.youtube.com/watch?v=H_yRuSAZMpg,Maithili,Null,General,Female,Mahottari,5 Days 8 Hr 48 min 12 Sec,40
https://www.youtube.com/watch?v=cVTY5Tvyn1Y,Maithili,Null,General,Female,Mahottari,5 Days 8 Hr 48 min 12 Sec,40
https://www.youtube.com/watch?v=GMZdsOkGTi4,Maithili,Null,General,Female,Mahottari,5 Days 8 Hr 48 min 12 Sec,40
https://www.youtube.com/watch?v=syMdMLpdqqM,Maithili,Null,General,Female,Mahottari,5 Days 8 Hr 48 min 12 Sec,40
https://www.youtube.com/watch?v=K8OWCuee7BU,Maithili,Null,General,Female,Mahottari,5 Days 8 Hr 48 min 12 Sec,40
https://www.youtube.com/watch?v=_7SWCbR9lio,Maithili,Null,General,Female,Mahottari,5 Days 8 Hr 48 min 12 Sec,40
https://www.youtube.com/watch?v=sYcr0gvBs-c,Maithili,Null,General,Female,Mahottari,5 Days 8 Hr 48 min 12 Sec,40
https://www.youtube.com/watch?v=eFiCN0IsYIk,Maithili,Null,General,Female,Mahottari,5 Days 8 Hr 48 min 12 Sec,40
https://www.youtube.com/watch?v=IAZd56BCFA8,Maithili,Null,General,Female,Mahottari,5 Days 8 Hr 48 min 12 Sec,40
https://www.youtube.com/watch?v=-SgcK46h2Ew,Maithili,Null,General,Female,Mahottari,5 Days 8 Hr 48 min 12 Sec,40
https://www.youtube.com/watch?v=m5LBDTzpFAw,Maithili,Null,General,Female,Mahottari,5 Days 8 Hr 48 min 12 Sec,40
https://www.youtube.com/watch?v=bvkrHTAIRIQ,Maithili,Null,General,Female,Mahottari,5 Days 8 Hr 48 min 12 Sec,40
https://www.youtube.com/watch?v=kKLI3OYZYuY,Maithili,Null,General,Female,Mahottari,5 Days 8 Hr 48 min 12 Sec,40
https://www.youtube.com/watch?v=hAiImSXXtjk,Maithili,Null,General,Female,Mahottari,5 Days 8 Hr 48 min 12 Sec,40
https://www.youtube.com/watch?v=i_somRzR9Fg,Maithili,Null,General,Female,Mahottari,5 Days 8 Hr 48 min 12 Sec,40
https://www.youtube.com/watch?v=0Fh2u5mxIY4,Maithili,Null,General,Female,Mahottari,5 Days 8 Hr 48 min 12 Sec,40
https://www.youtube.com/watch?v=-uSN5naZopY,Maithili,Null,General,Female,Mahottari,5 Days 8 Hr 48 min 12 Sec,40
https://www.youtube.com/watch?v=Aj4Mwn0HiSo,Maithili,Null,General,Female,Mahottari,5 Days 8 Hr 48 min 12 Sec,40
https://www.youtube.com/watch?v=_vNvFy26G2A,Maithili,Null,General,Female,Mahottari,5 Days 8 Hr 48 min 12 Sec,40
https://www.youtube.com/watch?v=20QHjiRTw1Y,Maithili,Null,General,Female,Mahottari,5 Days 8 Hr 48 min 12 Sec,40
https://www.youtube.com/watch?v=J5DZ-5TbthI,Maithili,Null,General,Female,Mahottari,5 Days 8 Hr 48 min 12 Sec,40
https://www.youtube.com/watch?v=8pETYNje6qI,Maithili,Null,General,Female,Mahottari,5 Days 8 Hr 48 min 12 Sec,40
https://www.youtube.com/watch?v=dnMHWTP2HNY,Maithili,Null,General,Female,Mahottari,5 Days 8 Hr 48 min 12 Sec,40
https://www.youtube.com/watch?v=tZ2i8HKzpUI,Maithili,Null,General,Female,Mahottari,5 Days 8 Hr 48 min 12 Sec,40
https://www.youtube.com/watch?v=ub2eHJ_1t9M,Maithili,Null,General,Female,Mahottari,5 Days 8 Hr 48 min 12 Sec,40
https://www.youtube.com/watch?v=FXLbmsmJp00,Maithili,Null,General,Female,Mahottari,5 Days 8 Hr 48 min 12 Sec,40
https://www.youtube.com/watch?v=7DarM3Wutfc,Maithili,Null,General,Female,Mahottari,5 Days 8 Hr 48 min 12 Sec,40
https://www.youtube.com/watch?v=lHgBJmBHcic,Maithili,Null,General,Female,Mahottari,5 Days 8 Hr 48 min 12 Sec,40
https://www.youtube.com/watch?v=vcQ_uv14YKI,Maithili,Null,General,Female,Mahottari,5 Days 8 Hr 48 min 12 Sec,40
https://www.youtube.com/watch?v=av0Cd0W6gcA,Maithili,Null,General,Female,Mahottari,5 Days 8 Hr 48 min 12 Sec,40
https://www.youtube.com/watch?v=kzIy6UoFYYU,Maithili,Null,General,Female,Mahottari,5 Days 8 Hr 48 min 12 Sec,40
https://www.youtube.com/watch?v=tLKbhnLwiyg,Maithili,Null,General,Female,Mahottari,5 Days 8 Hr 48 min 12 Sec,40
https://www.youtube.com/watch?v=Zvaubt1itOw,Maithili,Null,General,Female,Mahottari,5 Days 8 Hr 48 min 12 Sec,40
https://www.youtube.com/watch?v=cYLSLW3A3vs,Maithili,Null,General,Female,Mahottari,5 Days 8 Hr 48 min 12 Sec,40
https://www.youtube.com/watch?v=3i0oYSjUnNo,Maithili,Null,General,Female,Mahottari,5 Days 8 Hr 48 min 12 Sec,40
https://www.youtube.com/watch?v=jZ6QyP8aqTY,Maithili,Null,General,Female,Mahottari,5 Days 8 Hr 48 min 12 Sec,40
https://www.youtube.com/watch?v=MGJBIs4HPxA,Maithili,Null,General,Female,Mahottari,5 Days 8 Hr 48 min 12 Sec,40
https://www.youtube.com/watch?v=cvn64YMM2I4,Maithili,Null,General,Female,Mahottari,5 Days 8 Hr 48 min 12 Sec,40
https://www.youtube.com/watch?v=qVZ6y6mMzEU,Maithili,Null,General,Female,Mahottari,5 Days 8 Hr 48 min 12 Sec,40
https://www.youtube.com/watch?v=Q1H1mmN9VjQ,Maithili,Null,General,Female,Mahottari,5 Days 8 Hr 48 min 12 Sec,40
https://www.youtube.com/watch?v=f9dppvwH9XI,Maithili,Null,General,Female,Mahottari,5 Days 8 Hr 48 min 12 Sec,40
https://www.youtube.com/watch?v=trdTLaHMb2E,Maithili,Null,General,Female,Mahottari,5 Days 8 Hr 48 min 12 Sec,40
https://www.youtube.com/watch?v=yevjbwG9UJs,Maithili,Null,General,Female,Mahottari,5 Days 8 Hr 48 min 12 Sec,40
https://www.youtube.com/watch?v=HptDBcAbxc0,Maithili,Null,General,Female,Mahottari,5 Days 8 Hr 48 min 12 Sec,40
https://www.youtube.com/watch?v=IuFXgB8U2a4,Maithili,Null,General,Female,Mahottari,5 Days 8 Hr 48 min 12 Sec,40
https://www.youtube.com/watch?v=rmPOTQqzu2o,Maithili,Null,General,Female,Mahottari,5 Days 8 Hr 48 min 12 Sec,40
https://www.youtube.com/watch?v=zdVYxe9dVt8,Maithili,Null,General,Female,Mahottari,5 Days 8 Hr 48 min 12 Sec,40
https://www.youtube.com/watch?v=gpxsTi-NqkQ,Maithili,Null,General,Female,Mahottari,5 Days 8 Hr 48 min 12 Sec,40
https://www.youtube.com/watch?v=qxTIINN8Xs4,Maithili,Null,General,Female,Mahottari,5 Days 8 Hr 48 min 12 Sec,40
https://www.youtube.com/watch?v=wRkvly5EGKA,Maithili,Null,General,Female,Mahottari,5 Days 8 Hr 48 min 12 Sec,40
https://www.youtube.com/watch?v=S7WSe6t9b2U,Maithili,Null,General,Female,Mahottari,5 Days 8 Hr 48 min 12 Sec,40
https://www.youtube.com/watch?v=FfkhqgMudWc,Maithili,Null,General,Female,Mahottari,5 Days 8 Hr 48 min 12 Sec,40
https://www.youtube.com/watch?v=QvLJbvs9jR8,Maithili,Null,General,Female,Mahottari,5 Days 8 Hr 48 min 12 Sec,40
https://www.youtube.com/watch?v=_2JKFTI_v0c,Maithili,Null,General,Female,Mahottari,5 Days 8 Hr 48 min 12 Sec,40
https://www.youtube.com/watch?v=nYoWP9ciImM,Maithili,Null,General,Female,Mahottari,5 Days 8 Hr 48 min 12 Sec,40
https://www.youtube.com/watch?v=QATRGn1-kdk,Maithili,Null,General,Female,Mahottari,5 Days 8 Hr 48 min 12 Sec,40
https://www.youtube.com/watch?v=bJZoviYtOVw,Maithili,Null,General,Female,Mahottari,5 Days 8 Hr 48 min 12 Sec,40
https://www.youtube.com/watch?v=nv4ZN6oYNZM,Maithili,Null,General,Female,Mahottari,5 Days 8 Hr 48 min 12 Sec,40
https://www.youtube.com/watch?v=8Jzs-94AV80,Maithili,Null,General,Female,Mahottari,5 Days 8 Hr 48 min 12 Sec,40
https://www.youtube.com/watch?v=KXV8zbZoB-E,Maithili,Null,General,Female,Mahottari,5 Days 8 Hr 48 min 12 Sec,40
https://www.youtube.com/watch?v=DEjvSm0Iw6I,Maithili,Null,General,Female,Mahottari,5 Days 8 Hr 48 min 12 Sec,40
https://www.youtube.com/watch?v=msXlD3rxRak,Maithili,Null,General,Female,Mahottari,5 Days 8 Hr 48 min 12 Sec,40
https://www.youtube.com/watch?v=URDOIoWXMdw,Maithili,Null,General,Female,Mahottari,5 Days 8 Hr 48 min 12 Sec,40
https://www.youtube.com/watch?v=ZuqTPtBiWTo,Maithili,Null,General,Female,Mahottari,5 Days 8 Hr 48 min 12 Sec,40
https://www.youtube.com/watch?v=hZC2fW2D3_M,Maithili,Null,General,Female,Mahottari,5 Days 8 Hr 48 min 12 Sec,40
https://www.youtube.com/watch?v=GycD-za8WfA,Maithili,Null,General,Female,Mahottari,5 Days 8 Hr 48 min 12 Sec,40
https://www.youtube.com/watch?v=dZoFWSXKtYQ,Maithili,Null,General,Female,Mahottari,5 Days 8 Hr 48 min 12 Sec,40
https://www.youtube.com/watch?v=e5SnM-P9jyE,Maithili,Null,General,Female,Mahottari,5 Days 8 Hr 48 min 12 Sec,40
https://www.youtube.com/watch?v=q2tyPE3oX1E,Maithili,Null,General,Female,Mahottari,5 Days 8 Hr 48 min 12 Sec,40
https://www.youtube.com/watch?v=4tcG_Lgp-Po,Maithili,Null,General,Female,Mahottari,5 Days 8 Hr 48 min 12 Sec,40
https://www.youtube.com/watch?v=iB78iyF8saA,Maithili,Null,General,Female,Mahottari,5 Days 8 Hr 48 min 12 Sec,40
https://www.youtube.com/watch?v=27K6yjqH-nM,Maithili,Null,General,Female,Mahottari,5 Days 8 Hr 48 min 12 Sec,40
https://www.youtube.com/watch?v=9TM5dtCANlk,Maithili,Null,General,Female,Mahottari,5 Days 8 Hr 48 min 12 Sec,40
https://www.youtube.com/watch?v=DleF5PS79Mk,Maithili,Null,General,Female,Mahottari,5 Days 8 Hr 48 min 12 Sec,40
https://www.youtube.com/watch?v=duwk7yyU5lQ,Maithili,Null,General,Female,Mahottari,5 Days 8 Hr 48 min 12 Sec,40
https://www.youtube.com/watch?v=P2GGbVuQtfw,Maithili,Null,General,Female,Mahottari,5 Days 8 Hr 48 min 12 Sec,40
https://www.youtube.com/watch?v=7DoPvqOZaAg,Maithili,Null,General,Female,Mahottari,5 Days 8 Hr 48 min 12 Sec,40
https://www.youtube.com/watch?v=-tMcrPYcnd8,Maithili,Null,General,Female,Mahottari,5 Days 8 Hr 48 min 12 Sec,40
https://www.youtube.com/watch?v=-cCv9uUOdxQ,Maithili,Null,General,Female,Mahottari,5 Days 8 Hr 48 min 12 Sec,40
https://www.youtube.com/watch?v=WHK6QEKMess,Maithili,Null,General,Female,Mahottari,5 Days 8 Hr 48 min 12 Sec,40
https://www.youtube.com/watch?v=epCK6X7ZPuI,Maithili,Null,General,Female,Mahottari,5 Days 8 Hr 48 min 12 Sec,40
https://www.youtube.com/watch?v=UBCSlWIHyAY,Maithili,Null,General,Female,Mahottari,5 Days 8 Hr 48 min 12 Sec,40
https://www.youtube.com/watch?v=wE07VXjpNG4,Maithili,Null,General,Female,Mahottari,5 Days 8 Hr 48 min 12 Sec,40
https://www.youtube.com/watch?v=nDWuDU9OcuQ,Maithili,Null,General,Female,Mahottari,5 Days 8 Hr 48 min 12 Sec,40
https://www.youtube.com/watch?v=piRuhwMaLBU,Maithili,Null,General,Female,Mahottari,5 Days 8 Hr 48 min 12 Sec,40
https://www.youtube.com/watch?v=tLhEMRvCU6U,Maithili,Null,General,Female,Mahottari,5 Days 8 Hr 48 min 12 Sec,40
https://www.youtube.com/watch?v=LFmm2GU70WI,Maithili,Null,General,Female,Mahottari,5 Days 8 Hr 48 min 12 Sec,40
https://www.youtube.com/watch?v=7qMprIgZBAg,Maithili,Null,General,Female,Mahottari,5 Days 8 Hr 48 min 12 Sec,40
https://www.youtube.com/watch?v=7Dl6zk0r0gE,Maithili,Null,General,Female,Mahottari,5 Days 8 Hr 48 min 12 Sec,40
https://www.youtube.com/watch?v=WOgrN7mJDfk,Maithili,Null,General,Female,Mahottari,5 Days 8 Hr 48 min 12 Sec,40
https://www.youtube.com/watch?v=BixELu8ssOI,Maithili,Null,General,Female,Mahottari,5 Days 8 Hr 48 min 12 Sec,40
https://www.youtube.com/watch?v=Z-LOESxSWys,Maithili,Null,General,Female,Mahottari,5 Days 8 Hr 48 min 12 Sec,40
https://www.youtube.com/watch?v=SNqqx2FB0HM,Maithili,Null,General,Female,Mahottari,5 Days 8 Hr 48 min 12 Sec,40
https://www.youtube.com/watch?v=CosCChYBib4,Maithili,Null,General,Female,Mahottari,5 Days 8 Hr 48 min 12 Sec,40
https://www.youtube.com/watch?v=19Ho4hXegww,Maithili,Null,General,Female,Mahottari,5 Days 8 Hr 48 min 12 Sec,40
https://www.youtube.com/watch?v=fjLtjpkm2aM,Maithili,Null,General,Female,Mahottari,5 Days 8 Hr 48 min 12 Sec,40
https://www.youtube.com/watch?v=R-k24y_mhP0,Maithili,Null,General,Female,Mahottari,5 Days 8 Hr 48 min 12 Sec,40
https://www.youtube.com/watch?v=IoTDSGN2_2U,Maithili,Null,General,Female,Mahottari,5 Days 8 Hr 48 min 12 Sec,40
https://www.youtube.com/watch?v=FQdjjRwqA-Y,Maithili,Null,General,Female,Mahottari,5 Days 8 Hr 48 min 12 Sec,40
https://www.youtube.com/watch?v=cc8HpgZWMCw,Maithili,Null,General,Female,Mahottari,5 Days 8 Hr 48 min 12 Sec,40
https://www.youtube.com/watch?v=jVaoJsLuNHs,Maithili,Null,General,Female,Mahottari,5 Days 8 Hr 48 min 12 Sec,40
https://www.youtube.com/watch?v=ASmcKN4iNiU,Maithili,Null,General,Female,Mahottari,5 Days 8 Hr 48 min 12 Sec,40
https://www.youtube.com/watch?v=K79PD5VjeC8,Maithili,Null,General,Female,Mahottari,5 Days 8 Hr 48 min 12 Sec,40
https://www.youtube.com/watch?v=fdXOj0Lvc0M,Maithili,Null,General,Female,Mahottari,5 Days 8 Hr 48 min 12 Sec,40
